date,player_name,team_name,market_name,sportsbook,bet_points,Over,Under
2025-03-21,Caleb Love,Arizona,Player Assists,BetOnline,3.5,-119.0,-108.0
2025-03-21,Caleb Love,Arizona,Player Assists,FanDuel,3.5,-122.0,-112.0
2025-03-21,Caleb Love,Arizona,Player Assists,Fliff,3.5,-135.0,-115.0
2025-03-21,Caleb Love,Arizona,Player Points,BetOnline,19.5,-111.0,-116.0
2025-03-21,Caleb Love,Arizona,Player Points,FanDuel,19.5,-104.0,-120.0
2025-03-21,Caleb Love,Arizona,Player Points,Fliff,19.5,-130.0,-120.0
2025-03-21,Caleb Love,Arizona,Player Rebounds,BetOnline,4.5,110.0,-142.0
2025-03-21,Caleb Love,Arizona,Player Rebounds,FanDuel,3.5,-168.0,
2025-03-21,Caleb Love,Arizona,Player Rebounds,Fliff,4.5,100.0,-155.0
2025-03-21,Henri Veesaar,Arizona,Player Points,BetOnline,11.5,-129.0,100.0
2025-03-21,Henri Veesaar,Arizona,Player Points,Fliff,11.5,-135.0,-115.0
2025-03-21,Henri Veesaar,Arizona,Player Rebounds,BetOnline,5.5,-149.0,114.0
2025-03-21,Henri Veesaar,Arizona,Player Rebounds,Fliff,5.5,-155.0,100.0
2025-03-21,Isaiah Gray,Akron,Player Assists,BetOnline,1.5,-125.0,-103.0
2025-03-21,Isaiah Gray,Akron,Player Assists,Fliff,1.5,-140.0,-110.0
2025-03-21,Isaiah Gray,Akron,Player Points,BetOnline,8.5,-105.0,-123.0
2025-03-21,Isaiah Gray,Akron,Player Points,Fliff,8.5,-115.0,-135.0
2025-03-21,Isaiah Gray,Akron,Player Rebounds,BetOnline,3.5,-166.0,127.0
2025-03-21,Isaiah Gray,Akron,Player Rebounds,Fliff,3.5,-180.0,115.0
2025-03-21,Jaden Bradley,Arizona,Player Assists,BetOnline,3.5,-113.0,-113.0
2025-03-21,Jaden Bradley,Arizona,Player Assists,Fliff,3.5,-125.0,-125.0
2025-03-21,Jaden Bradley,Arizona,Player Points,BetOnline,13.5,-116.0,-111.0
2025-03-21,Jaden Bradley,Arizona,Player Points,FanDuel,13.5,-115.0,-115.0
2025-03-21,Jaden Bradley,Arizona,Player Points,Fliff,13.5,-135.0,-115.0
2025-03-21,Jaden Bradley,Arizona,Player Rebounds,BetOnline,3.5,-121.0,-106.0
2025-03-21,Jaden Bradley,Arizona,Player Rebounds,Fliff,3.5,-135.0,-115.0
2025-03-21,KJ Lewis,Arizona,Player Assists,BetOnline,3.5,125.0,-163.0
2025-03-21,KJ Lewis,Arizona,Player Assists,Fliff,3.5,115.0,-185.0
2025-03-21,KJ Lewis,Arizona,Player Points,BetOnline,13.5,-113.0,-113.0
2025-03-21,KJ Lewis,Arizona,Player Points,FanDuel,13.5,-130.0,100.0
2025-03-21,KJ Lewis,Arizona,Player Points,Fliff,14.5,-135.0,-115.0
2025-03-21,KJ Lewis,Arizona,Player Rebounds,BetOnline,5.5,112.0,-147.0
2025-03-21,KJ Lewis,Arizona,Player Rebounds,FanDuel,4.5,-148.0,106.0
2025-03-21,KJ Lewis,Arizona,Player Rebounds,Fliff,5.5,100.0,-160.0
2025-03-21,Nate Johnson,Akron,Player Assists,BetOnline,3.5,124.0,-161.0
2025-03-21,Nate Johnson,Akron,Player Assists,Fliff,3.5,115.0,-180.0
2025-03-21,Nate Johnson,Akron,Player Points,BetOnline,14.5,-111.0,-116.0
2025-03-21,Nate Johnson,Akron,Player Points,Fliff,14.5,-130.0,-120.0
2025-03-21,Nate Johnson,Akron,Player Rebounds,BetOnline,4.5,-126.0,-102.0
2025-03-21,Nate Johnson,Akron,Player Rebounds,FanDuel,4.5,-118.0,-118.0
2025-03-21,Nate Johnson,Akron,Player Rebounds,Fliff,4.5,-150.0,-105.0
2025-03-21,Tavari Johnson,Akron,Player Assists,BetOnline,3.5,-123.0,-105.0
2025-03-21,Tavari Johnson,Akron,Player Assists,Fliff,3.5,-140.0,-115.0
2025-03-21,Tavari Johnson,Akron,Player Points,BetOnline,14.5,-105.0,-123.0
2025-03-21,Tavari Johnson,Akron,Player Points,FanDuel,14.5,-108.0,-120.0
2025-03-21,Tavari Johnson,Akron,Player Points,Fliff,14.5,-115.0,-140.0
2025-03-21,Tavari Johnson,Akron,Player Rebounds,BetOnline,2.5,136.0,-178.0
2025-03-21,Tavari Johnson,Akron,Player Rebounds,Fliff,2.5,125.0,-200.0
2025-03-21,Tobe Awaka,Arizona,Player Points,BetOnline,8.5,-119.0,-108.0
2025-03-21,Tobe Awaka,Arizona,Player Points,FanDuel,8.5,-125.0,-105.0
2025-03-21,Tobe Awaka,Arizona,Player Points,Fliff,8.5,-125.0,-125.0
2025-03-21,Tobe Awaka,Arizona,Player Rebounds,BetOnline,7.5,100.0,-129.0
2025-03-21,Tobe Awaka,Arizona,Player Rebounds,FanDuel,7.5,-102.0,-122.0
2025-03-21,Tobe Awaka,Arizona,Player Rebounds,Fliff,7.5,-105.0,-145.0
2025-03-21,Trey Townsend,Arizona,Player Points,BetOnline,7.5,-113.0,-113.0
2025-03-21,Trey Townsend,Arizona,Player Points,Fliff,8.5,-115.0,-135.0
2025-03-22,Aday Mara,UCLA,Player Points,Fliff,7.5,-130.0,-120.0
2025-03-22,Chaz Lanier,Tennessee,Player Points,Fliff,16.5,-125.0,-125.0
2025-03-22,Chaz Lanier,Tennessee,Player Rebounds,Fliff,3.5,-175.0,110.0
2025-03-22,Dylan Andrews,UCLA,Player Assists,Fliff,3.5,105.0,-165.0
2025-03-22,Dylan Andrews,UCLA,Player Points,Fliff,6.5,-130.0,-120.0
2025-03-22,Dylan Andrews,UCLA,Player Rebounds,Fliff,1.5,-155.0,100.0
2025-03-22,Eric Dailey Jr.,UCLA,Player Assists,Fliff,0.5,-195.0,125.0
2025-03-22,Eric Dailey Jr.,UCLA,Player Points,FanDuel,9.5,-108.0,-118.0
2025-03-22,Eric Dailey Jr.,UCLA,Player Points,Fliff,9.5,-130.0,-120.0
2025-03-22,Eric Dailey Jr.,UCLA,Player Rebounds,Fliff,3.5,100.0,-155.0
2025-03-22,Felix Okpara,Tennessee,Player Points,Fliff,7.5,-125.0,-125.0
2025-03-22,Felix Okpara,Tennessee,Player Rebounds,Fliff,5.5,-150.0,-105.0
2025-03-22,Igor Milicic Jr.,Tennessee,Player Assists,Fliff,1.5,-125.0,-125.0
2025-03-22,Igor Milicic Jr.,Tennessee,Player Points,FanDuel,8.5,-108.0,-120.0
2025-03-22,Igor Milicic Jr.,Tennessee,Player Points,Fliff,8.5,-115.0,-135.0
2025-03-22,Igor Milicic Jr.,Tennessee,Player Rebounds,FanDuel,5.5,-106.0,-125.0
2025-03-22,Igor Milicic Jr.,Tennessee,Player Rebounds,Fliff,5.5,-105.0,-150.0
2025-03-22,Jahmai Mashack,Tennessee,Player Assists,Fliff,1.5,-120.0,-130.0
2025-03-22,Jahmai Mashack,Tennessee,Player Points,Fliff,6.5,-145.0,-110.0
2025-03-22,Jahmai Mashack,Tennessee,Player Rebounds,Fliff,4.5,-160.0,100.0
2025-03-22,Jordan Gainey,Tennessee,Player Assists,Fliff,1.5,-130.0,-120.0
2025-03-22,Jordan Gainey,Tennessee,Player Points,FanDuel,10.5,-104.0,-125.0
2025-03-22,Jordan Gainey,Tennessee,Player Points,Fliff,10.5,-125.0,-125.0
2025-03-22,Jordan Gainey,Tennessee,Player Rebounds,Fliff,2.5,-190.0,120.0
2025-03-22,Kobe Johnson,UCLA,Player Assists,Fliff,2.5,115.0,-180.0
2025-03-22,Kobe Johnson,UCLA,Player Points,FanDuel,6.5,-114.0,-114.0
2025-03-22,Kobe Johnson,UCLA,Player Points,Fliff,6.5,-135.0,-115.0
2025-03-22,Kobe Johnson,UCLA,Player Rebounds,FanDuel,5.5,-125.0,-106.0
2025-03-22,Kobe Johnson,UCLA,Player Rebounds,Fliff,5.5,-145.0,-110.0
2025-03-22,Sebastian Mack,UCLA,Player Points,Fliff,7.5,-125.0,-125.0
2025-03-22,Skyy Clark,UCLA,Player Assists,Fliff,1.5,-205.0,130.0
2025-03-22,Skyy Clark,UCLA,Player Points,FanDuel,7.5,-122.0,-106.0
2025-03-22,Skyy Clark,UCLA,Player Points,Fliff,8.5,-110.0,-140.0
2025-03-22,Skyy Clark,UCLA,Player Rebounds,Fliff,2.5,-115.0,-135.0
2025-03-22,Tyler Bilodeau,UCLA,Player Assists,Fliff,1.5,155.0,-250.0
2025-03-22,Tyler Bilodeau,UCLA,Player Points,Fliff,11.5,-120.0,-130.0
2025-03-22,Tyler Bilodeau,UCLA,Player Rebounds,Fliff,4.5,-145.0,-110.0
2025-03-22,Zakai Zeigler,Tennessee,Player Assists,FanDuel,6.5,-114.0,-114.0
2025-03-22,Zakai Zeigler,Tennessee,Player Assists,Fliff,6.5,-145.0,-105.0
2025-03-22,Zakai Zeigler,Tennessee,Player Points,Fliff,13.5,-110.0,-145.0
2025-03-22,Zakai Zeigler,Tennessee,Player Rebounds,Fliff,3.5,120.0,-190.0
2025-03-22,Carter Gilmore,Wisconsin,Player Assists,BetOnline,1.5,152.0,-200.0
2025-03-22,Carter Gilmore,Wisconsin,Player Assists,Fliff,1.5,140.0,-225.0
2025-03-22,Carter Gilmore,Wisconsin,Player Rebounds,BetOnline,2.5,-112.0,-114.0
2025-03-22,Carter Gilmore,Wisconsin,Player Rebounds,Fliff,2.5,-120.0,-130.0
2025-03-22,Egor Demin,BYU,Player Assists,BetOnline,3.5,-138.0,106.0
2025-03-22,Egor Demin,BYU,Player Assists,FanDuel,3.5,-120.0,-106.0
2025-03-22,Egor Demin,BYU,Player Assists,Fliff,3.5,-165.0,105.0
2025-03-22,Egor Demin,BYU,Player Points,BetOnline,9.5,112.0,-144.0
2025-03-22,Egor Demin,BYU,Player Points,FanDuel,8.5,-118.0,-110.0
2025-03-22,Egor Demin,BYU,Player Points,Fliff,9.5,105.0,-160.0
2025-03-22,Egor Demin,BYU,Player Rebounds,BetOnline,3.5,-105.0,-123.0
2025-03-22,Egor Demin,BYU,Player Rebounds,FanDuel,3.5,-102.0,
2025-03-22,Egor Demin,BYU,Player Rebounds,Fliff,3.5,-110.0,-140.0
2025-03-22,John Blackwell,Wisconsin,Player Assists,BetOnline,1.5,-169.0,129.0
2025-03-22,John Blackwell,Wisconsin,Player Assists,Fliff,1.5,-180.0,115.0
2025-03-22,John Blackwell,Wisconsin,Player Points,BetOnline,16.5,-116.0,-111.0
2025-03-22,John Blackwell,Wisconsin,Player Points,FanDuel,16.5,-114.0,-114.0
2025-03-22,John Blackwell,Wisconsin,Player Points,Fliff,16.5,-130.0,-120.0
2025-03-22,John Blackwell,Wisconsin,Player Rebounds,BetOnline,4.5,-106.0,-121.0
2025-03-22,John Blackwell,Wisconsin,Player Rebounds,FanDuel,4.5,-114.0,-114.0
2025-03-22,John Blackwell,Wisconsin,Player Rebounds,Fliff,4.5,-110.0,-145.0
2025-03-22,John Tonje,Wisconsin,Player Assists,BetOnline,1.5,-112.0,-114.0
2025-03-22,John Tonje,Wisconsin,Player Assists,Fliff,1.5,-120.0,-130.0
2025-03-22,John Tonje,Wisconsin,Player Points,BetOnline,20.5,-119.0,-108.0
2025-03-22,John Tonje,Wisconsin,Player Points,FanDuel,18.5,-122.0,-106.0
2025-03-22,John Tonje,Wisconsin,Player Points,Fliff,20.5,-135.0,-115.0
2025-03-22,John Tonje,Wisconsin,Player Rebounds,BetOnline,6.5,112.0,-144.0
2025-03-22,John Tonje,Wisconsin,Player Rebounds,FanDuel,6.5,108.0,-144.0
2025-03-22,John Tonje,Wisconsin,Player Rebounds,Fliff,5.5,-175.0,110.0
2025-03-22,Kamari McGee,Wisconsin,Player Assists,BetOnline,1.5,104.0,-135.0
2025-03-22,Kamari McGee,Wisconsin,Player Assists,Fliff,1.5,100.0,-155.0
2025-03-22,Kamari McGee,Wisconsin,Player Points,BetOnline,5.5,-107.0,-120.0
2025-03-22,Kamari McGee,Wisconsin,Player Points,Fliff,5.5,-115.0,-135.0
2025-03-22,Kamari McGee,Wisconsin,Player Rebounds,BetOnline,2.5,-107.0,-120.0
2025-03-22,Kamari McGee,Wisconsin,Player Rebounds,Fliff,2.5,-115.0,-135.0
2025-03-22,Keba Keita,BYU,Player Points,BetOnline,7.5,-111.0,-116.0
2025-03-22,Keba Keita,BYU,Player Points,FanDuel,7.5,-118.0,-110.0
2025-03-22,Keba Keita,BYU,Player Points,Fliff,7.5,-115.0,-135.0
2025-03-22,Keba Keita,BYU,Player Rebounds,BetOnline,7.5,-107.0,-120.0
2025-03-22,Keba Keita,BYU,Player Rebounds,Fliff,7.5,-115.0,-135.0
2025-03-22,Max Klesmit,Wisconsin,Player Assists,BetOnline,2.5,104.0,-135.0
2025-03-22,Max Klesmit,Wisconsin,Player Assists,Fliff,2.5,-105.0,-150.0
2025-03-22,Max Klesmit,Wisconsin,Player Points,BetOnline,7.5,-125.0,-103.0
2025-03-22,Max Klesmit,Wisconsin,Player Points,FanDuel,7.5,-125.0,-104.0
2025-03-22,Max Klesmit,Wisconsin,Player Points,Fliff,7.5,-140.0,-110.0
2025-03-22,Max Klesmit,Wisconsin,Player Rebounds,BetOnline,2.5,141.0,-185.0
2025-03-22,Max Klesmit,Wisconsin,Player Rebounds,Fliff,2.5,130.0,-205.0
2025-03-22,Nolan Winter,Wisconsin,Player Assists,Fliff,0.5,-185.0,120.0
2025-03-22,Nolan Winter,Wisconsin,Player Points,BetOnline,7.5,-129.0,100.0
2025-03-22,Nolan Winter,Wisconsin,Player Points,FanDuel,9.5,104.0,
2025-03-22,Nolan Winter,Wisconsin,Player Points,Fliff,7.5,-145.0,-110.0
2025-03-22,Nolan Winter,Wisconsin,Player Rebounds,BetOnline,5.5,117.0,-151.0
2025-03-22,Nolan Winter,Wisconsin,Player Rebounds,FanDuel,5.5,116.0,-154.0
2025-03-22,Nolan Winter,Wisconsin,Player Rebounds,Fliff,5.5,105.0,-170.0
2025-03-22,Richie Saunders,BYU,Player Assists,BetOnline,1.5,104.0,-135.0
2025-03-22,Richie Saunders,BYU,Player Assists,Fliff,1.5,-105.0,-150.0
2025-03-22,Richie Saunders,BYU,Player Points,BetOnline,17.5,-102.0,-126.0
2025-03-22,Richie Saunders,BYU,Player Points,FanDuel,16.5,-106.0,-122.0
2025-03-22,Richie Saunders,BYU,Player Points,Fliff,17.5,-105.0,-145.0
2025-03-22,Richie Saunders,BYU,Player Rebounds,BetOnline,4.5,-106.0,-121.0
2025-03-22,Richie Saunders,BYU,Player Rebounds,FanDuel,4.5,102.0,-136.0
2025-03-22,Richie Saunders,BYU,Player Rebounds,Fliff,4.5,-115.0,-135.0
2025-03-22,Steven Crowl,Wisconsin,Player Assists,BetOnline,2.5,118.0,-153.0
2025-03-22,Steven Crowl,Wisconsin,Player Assists,Fliff,2.5,110.0,-175.0
2025-03-22,Steven Crowl,Wisconsin,Player Points,BetOnline,10.5,-106.0,-121.0
2025-03-22,Steven Crowl,Wisconsin,Player Points,FanDuel,10.5,-106.0,-122.0
2025-03-22,Steven Crowl,Wisconsin,Player Points,Fliff,10.5,-115.0,-135.0
2025-03-22,Steven Crowl,Wisconsin,Player Rebounds,BetOnline,4.5,-142.0,110.0
2025-03-22,Steven Crowl,Wisconsin,Player Rebounds,FanDuel,5.5,102.0,
2025-03-22,Steven Crowl,Wisconsin,Player Rebounds,Fliff,4.5,-160.0,100.0
2025-03-21,Derik Queen,Maryland,Player Assists,BetOnline,1.5,-125.0,-103.0
2025-03-21,Derik Queen,Maryland,Player Assists,Fliff,1.5,-140.0,-110.0
2025-03-21,Derik Queen,Maryland,Player Points,BetOnline,17.5,-123.0,-104.0
2025-03-21,Derik Queen,Maryland,Player Points,FanDuel,16.5,-125.0,
2025-03-21,Derik Queen,Maryland,Player Points,Fliff,17.5,-135.0,-115.0
2025-03-21,Derik Queen,Maryland,Player Rebounds,BetOnline,9.5,-133.0,102.0
2025-03-21,Derik Queen,Maryland,Player Rebounds,FanDuel,10.5,100.0,-135.0
2025-03-21,Derik Queen,Maryland,Player Rebounds,Fliff,10.5,-130.0,-120.0
2025-03-21,Duke Brennan,Grand Canyon,Player Points,BetOnline,8.5,-120.0,-107.0
2025-03-21,Duke Brennan,Grand Canyon,Player Points,FanDuel,8.5,-118.0,-110.0
2025-03-21,Duke Brennan,Grand Canyon,Player Points,Fliff,8.5,-140.0,-110.0
2025-03-21,Duke Brennan,Grand Canyon,Player Rebounds,BetOnline,8.5,112.0,-144.0
2025-03-21,Duke Brennan,Grand Canyon,Player Rebounds,FanDuel,8.5,100.0,-135.0
2025-03-21,Duke Brennan,Grand Canyon,Player Rebounds,Fliff,7.5,-145.0,-105.0
2025-03-21,Ja'Kobi Gillespie,Maryland,Player Assists,BetOnline,5.5,117.0,-151.0
2025-03-21,Ja'Kobi Gillespie,Maryland,Player Assists,FanDuel,5.5,124.0,-160.0
2025-03-21,Ja'Kobi Gillespie,Maryland,Player Assists,Fliff,5.5,105.0,-160.0
2025-03-21,Ja'Kobi Gillespie,Maryland,Player Points,BetOnline,15.5,-108.0,-119.0
2025-03-21,Ja'Kobi Gillespie,Maryland,Player Points,FanDuel,14.5,-128.0,100.0
2025-03-21,Ja'Kobi Gillespie,Maryland,Player Points,Fliff,15.5,-115.0,-135.0
2025-03-21,Ja'Kobi Gillespie,Maryland,Player Rebounds,BetOnline,3.5,-105.0,-123.0
2025-03-21,Ja'Kobi Gillespie,Maryland,Player Rebounds,Fliff,3.5,-105.0,-150.0
2025-03-21,JaKobe Coles,Grand Canyon,Player Assists,BetOnline,1.5,-185.0,142.0
2025-03-21,JaKobe Coles,Grand Canyon,Player Assists,Fliff,1.5,-200.0,125.0
2025-03-21,JaKobe Coles,Grand Canyon,Player Points,BetOnline,14.5,-108.0,-119.0
2025-03-21,JaKobe Coles,Grand Canyon,Player Points,FanDuel,13.5,-128.0,-102.0
2025-03-21,JaKobe Coles,Grand Canyon,Player Points,Fliff,14.5,-115.0,-135.0
2025-03-21,JaKobe Coles,Grand Canyon,Player Rebounds,BetOnline,5.5,106.0,-138.0
2025-03-21,JaKobe Coles,Grand Canyon,Player Rebounds,FanDuel,5.5,100.0,-130.0
2025-03-21,JaKobe Coles,Grand Canyon,Player Rebounds,Fliff,5.5,105.0,-165.0
2025-03-21,Julian Reese,Maryland,Player Assists,BetOnline,1.5,158.0,-208.0
2025-03-21,Julian Reese,Maryland,Player Assists,Fliff,1.5,140.0,-225.0
2025-03-21,Julian Reese,Maryland,Player Points,BetOnline,12.5,-123.0,-104.0
2025-03-21,Julian Reese,Maryland,Player Points,FanDuel,12.5,-125.0,-104.0
2025-03-21,Julian Reese,Maryland,Player Points,Fliff,12.5,-135.0,-115.0
2025-03-21,Julian Reese,Maryland,Player Rebounds,BetOnline,8.5,-142.0,110.0
2025-03-21,Julian Reese,Maryland,Player Rebounds,FanDuel,8.5,-115.0,-115.0
2025-03-21,Julian Reese,Maryland,Player Rebounds,Fliff,8.5,-135.0,-115.0
2025-03-21,Ray Harrison,Grand Canyon,Player Assists,BetOnline,2.5,102.0,-133.0
2025-03-21,Ray Harrison,Grand Canyon,Player Assists,Fliff,2.5,-105.0,-150.0
2025-03-21,Ray Harrison,Grand Canyon,Player Points,BetOnline,12.5,-107.0,-120.0
2025-03-21,Ray Harrison,Grand Canyon,Player Points,FanDuel,11.5,-108.0,-120.0
2025-03-21,Ray Harrison,Grand Canyon,Player Points,Fliff,12.5,-110.0,-145.0
2025-03-21,Ray Harrison,Grand Canyon,Player Rebounds,BetOnline,2.5,-161.0,123.0
2025-03-21,Ray Harrison,Grand Canyon,Player Rebounds,Fliff,2.5,-175.0,110.0
2025-03-21,Rodney Rice,Maryland,Player Assists,BetOnline,2.5,131.0,-172.0
2025-03-21,Rodney Rice,Maryland,Player Assists,Fliff,2.5,125.0,-195.0
2025-03-21,Rodney Rice,Maryland,Player Points,BetOnline,14.5,-117.0,-109.0
2025-03-21,Rodney Rice,Maryland,Player Points,FanDuel,14.5,-114.0,-114.0
2025-03-21,Rodney Rice,Maryland,Player Points,Fliff,14.5,-140.0,-110.0
2025-03-21,Rodney Rice,Maryland,Player Rebounds,BetOnline,2.5,139.0,-181.0
2025-03-21,Rodney Rice,Maryland,Player Rebounds,Fliff,2.5,130.0,-210.0
2025-03-21,Selton Miguel,Maryland,Player Assists,BetOnline,1.5,-147.0,114.0
2025-03-21,Selton Miguel,Maryland,Player Assists,Fliff,1.5,-165.0,105.0
2025-03-21,Selton Miguel,Maryland,Player Points,BetOnline,12.5,-112.0,-114.0
2025-03-21,Selton Miguel,Maryland,Player Points,FanDuel,12.5,102.0,-132.0
2025-03-21,Selton Miguel,Maryland,Player Points,Fliff,12.5,-140.0,-115.0
2025-03-21,Selton Miguel,Maryland,Player Rebounds,BetOnline,2.5,139.0,-181.0
2025-03-21,Selton Miguel,Maryland,Player Rebounds,Fliff,2.5,130.0,-205.0
2025-03-21,Tyon Grant-Foster,Grand Canyon,Player Assists,BetOnline,1.5,-125.0,-103.0
2025-03-21,Tyon Grant-Foster,Grand Canyon,Player Assists,Fliff,1.5,-140.0,-110.0
2025-03-21,Tyon Grant-Foster,Grand Canyon,Player Points,BetOnline,13.5,-142.0,110.0
2025-03-21,Tyon Grant-Foster,Grand Canyon,Player Points,FanDuel,14.5,102.0,-132.0
2025-03-21,Tyon Grant-Foster,Grand Canyon,Player Points,Fliff,12.5,-140.0,-115.0
2025-03-21,Tyon Grant-Foster,Grand Canyon,Player Rebounds,BetOnline,5.5,100.0,-129.0
2025-03-21,Tyon Grant-Foster,Grand Canyon,Player Rebounds,FanDuel,5.5,100.0,-130.0
2025-03-21,Tyon Grant-Foster,Grand Canyon,Player Rebounds,Fliff,5.5,105.0,-165.0
2025-03-22,Danny Wolf,Michigan,Player Assists,BetOnline,3.5,-147.0,114.0
2025-03-22,Danny Wolf,Michigan,Player Assists,FanDuel,3.5,-128.0,-102.0
2025-03-22,Danny Wolf,Michigan,Player Assists,Fliff,3.5,-175.0,110.0
2025-03-22,Danny Wolf,Michigan,Player Points,BetOnline,13.5,-111.0,-116.0
2025-03-22,Danny Wolf,Michigan,Player Points,Fliff,13.5,-120.0,-130.0
2025-03-22,Danny Wolf,Michigan,Player Rebounds,BetOnline,9.5,-128.0,-101.0
2025-03-22,Danny Wolf,Michigan,Player Rebounds,FanDuel,9.5,-118.0,-108.0
2025-03-22,Danny Wolf,Michigan,Player Rebounds,Fliff,9.5,-150.0,-105.0
2025-03-22,Nimari Burnett,Michigan,Player Assists,BetOnline,1.5,-126.0,-102.0
2025-03-22,Nimari Burnett,Michigan,Player Assists,Fliff,1.5,-140.0,-110.0
2025-03-22,Nimari Burnett,Michigan,Player Points,BetOnline,8.5,-102.0,-126.0
2025-03-22,Nimari Burnett,Michigan,Player Points,Fliff,8.5,-110.0,-140.0
2025-03-22,Nimari Burnett,Michigan,Player Rebounds,BetOnline,3.5,-116.0,-111.0
2025-03-22,Nimari Burnett,Michigan,Player Rebounds,Fliff,3.5,-130.0,-120.0
2025-03-22,Roddy Gayle Jr.,Michigan,Player Points,BetOnline,6.5,-142.0,110.0
2025-03-22,Roddy Gayle Jr.,Michigan,Player Points,Fliff,6.5,-155.0,100.0
2025-03-22,Rubin Jones,Michigan,Player Assists,BetOnline,1.5,-113.0,-113.0
2025-03-22,Rubin Jones,Michigan,Player Rebounds,BetOnline,2.5,-149.0,114.0
2025-03-22,Tre Donaldson,Michigan,Player Assists,BetOnline,4.5,102.0,-133.0
2025-03-22,Tre Donaldson,Michigan,Player Assists,FanDuel,3.5,-132.0,106.0
2025-03-22,Tre Donaldson,Michigan,Player Assists,Fliff,4.5,-105.0,-150.0
2025-03-22,Tre Donaldson,Michigan,Player Points,BetOnline,11.5,-102.0,-126.0
2025-03-22,Tre Donaldson,Michigan,Player Points,FanDuel,10.5,-122.0,-106.0
2025-03-22,Tre Donaldson,Michigan,Player Points,Fliff,11.5,-110.0,-140.0
2025-03-22,Tre Donaldson,Michigan,Player Rebounds,BetOnline,3.5,-116.0,-111.0
2025-03-22,Tre Donaldson,Michigan,Player Rebounds,Fliff,3.5,-120.0,-130.0
2025-03-22,Vladislav Goldin,Michigan,Player Assists,BetOnline,1.5,174.0,-232.0
2025-03-22,Vladislav Goldin,Michigan,Player Assists,Fliff,1.5,160.0,-255.0
2025-03-22,Vladislav Goldin,Michigan,Player Points,BetOnline,18.5,-111.0,-116.0
2025-03-22,Vladislav Goldin,Michigan,Player Points,FanDuel,17.5,-125.0,-104.0
2025-03-22,Vladislav Goldin,Michigan,Player Points,Fliff,18.5,-115.0,-135.0
2025-03-22,Vladislav Goldin,Michigan,Player Rebounds,BetOnline,7.5,102.0,-133.0
2025-03-22,Vladislav Goldin,Michigan,Player Rebounds,FanDuel,7.5,-104.0,-122.0
2025-03-22,Vladislav Goldin,Michigan,Player Rebounds,Fliff,6.5,-165.0,105.0
2025-03-22,Will Tschetter,Michigan,Player Points,BetOnline,6.5,-111.0,-116.0
2025-03-22,Will Tschetter,Michigan,Player Points,Fliff,6.5,-120.0,-130.0
2025-03-22,Kadary Richmond,St. John's,Player Assists,BetOnline,5.5,-106.0,-121.0
2025-03-22,Kadary Richmond,St. John's,Player Assists,FanDuel,5.5,110.0,-140.0
2025-03-22,Kadary Richmond,St. John's,Player Assists,Fliff,5.5,-130.0,-120.0
2025-03-22,Kadary Richmond,St. John's,Player Points,BetOnline,14.5,-114.0,-112.0
2025-03-22,Kadary Richmond,St. John's,Player Points,FanDuel,14.5,-102.0,-125.0
2025-03-22,Kadary Richmond,St. John's,Player Points,Fliff,14.5,-140.0,-110.0
2025-03-22,Kadary Richmond,St. John's,Player Rebounds,BetOnline,7.5,-131.0,102.0
2025-03-22,Kadary Richmond,St. John's,Player Rebounds,FanDuel,7.5,-135.0,104.0
2025-03-22,Kadary Richmond,St. John's,Player Rebounds,Fliff,7.5,-145.0,-105.0
2025-03-22,RJ Luis Jr.,St. John's,Player Assists,BetOnline,1.5,-185.0,140.0
2025-03-22,RJ Luis Jr.,St. John's,Player Assists,Fliff,1.5,-185.0,120.0
2025-03-22,RJ Luis Jr.,St. John's,Player Points,BetOnline,20.5,-102.0,-126.0
2025-03-22,RJ Luis Jr.,St. John's,Player Points,FanDuel,19.5,-106.0,-120.0
2025-03-22,RJ Luis Jr.,St. John's,Player Points,Fliff,20.5,-110.0,-140.0
2025-03-22,RJ Luis Jr.,St. John's,Player Rebounds,BetOnline,7.5,-123.0,-104.0
2025-03-22,RJ Luis Jr.,St. John's,Player Rebounds,FanDuel,7.5,-106.0,-122.0
2025-03-22,RJ Luis Jr.,St. John's,Player Rebounds,Fliff,7.5,-150.0,-105.0
2025-03-22,Zuby Ejiofor,St. John's,Player Assists,BetOnline,2.5,146.0,-192.0
2025-03-22,Zuby Ejiofor,St. John's,Player Assists,Fliff,2.5,135.0,-210.0
2025-03-22,Zuby Ejiofor,St. John's,Player Points,BetOnline,14.5,-116.0,-111.0
2025-03-22,Zuby Ejiofor,St. John's,Player Points,FanDuel,14.5,-106.0,-118.0
2025-03-22,Zuby Ejiofor,St. John's,Player Points,Fliff,14.5,-135.0,-115.0
2025-03-22,Zuby Ejiofor,St. John's,Player Rebounds,BetOnline,7.5,-135.0,104.0
2025-03-22,Zuby Ejiofor,St. John's,Player Rebounds,FanDuel,7.5,-118.0,-108.0
2025-03-22,Zuby Ejiofor,St. John's,Player Rebounds,Fliff,7.5,-160.0,105.0
2025-03-21,A.J. Hoggard,Vanderbilt,Player Assists,BetOnline,4.5,117.0,-151.0
2025-03-21,A.J. Hoggard,Vanderbilt,Player Assists,FanDuel,4.5,105.0,-140.0
2025-03-21,A.J. Hoggard,Vanderbilt,Player Points,BetOnline,8.5,100.0,-129.0
2025-03-21,A.J. Hoggard,Vanderbilt,Player Points,FanDuel,8.5,104.0,-132.0
2025-03-21,A.J. Hoggard,Vanderbilt,Player Rebounds,BetOnline,2.5,-120.0,-107.0
2025-03-21,Augustas Marciulionis,Saint Mary's,Player Assists,BetOnline,6.5,114.0,-149.0
2025-03-21,Augustas Marciulionis,Saint Mary's,Player Assists,FanDuel,6.5,110.0,-145.0
2025-03-21,Augustas Marciulionis,Saint Mary's,Player Points,BetOnline,15.5,-101.0,-128.0
2025-03-21,Augustas Marciulionis,Saint Mary's,Player Points,FanDuel,14.5,-112.0,-114.0
2025-03-21,Augustas Marciulionis,Saint Mary's,Player Rebounds,BetOnline,3.5,-142.0,110.0
2025-03-21,Chris Manon,Vanderbilt,Player Rebounds,BetOnline,3.5,-129.0,100.0
2025-03-21,Devin McGlockton,Vanderbilt,Player Points,BetOnline,8.5,-111.0,-116.0
2025-03-21,Devin McGlockton,Vanderbilt,Player Points,FanDuel,8.5,-114.0,-114.0
2025-03-21,Devin McGlockton,Vanderbilt,Player Rebounds,BetOnline,6.5,100.0,-129.0
2025-03-21,Devin McGlockton,Vanderbilt,Player Rebounds,FanDuel,6.5,100.0,-130.0
2025-03-21,Jason Edwards,Vanderbilt,Player Assists,BetOnline,0.5,-232.0,173.0
2025-03-21,Jason Edwards,Vanderbilt,Player Points,BetOnline,15.5,-116.0,-111.0
2025-03-21,Jason Edwards,Vanderbilt,Player Points,FanDuel,15.5,-122.0,-106.0
2025-03-21,Jason Edwards,Vanderbilt,Player Rebounds,BetOnline,1.5,-108.0,-119.0
2025-03-21,Jaylen Carey,Vanderbilt,Player Rebounds,BetOnline,4.5,-120.0,-107.0
2025-03-21,Jordan Ross,Saint Mary's,Player Points,BetOnline,6.5,-103.0,-125.0
2025-03-21,Luke Barrett,Saint Mary's,Player Assists,BetOnline,1.5,141.0,-185.0
2025-03-21,Luke Barrett,Saint Mary's,Player Points,BetOnline,8.5,-111.0,-116.0
2025-03-21,Luke Barrett,Saint Mary's,Player Points,FanDuel,8.5,-108.0,-120.0
2025-03-21,Luke Barrett,Saint Mary's,Player Rebounds,BetOnline,6.5,-135.0,104.0
2025-03-21,Luke Barrett,Saint Mary's,Player Rebounds,FanDuel,6.5,-120.0,-110.0
2025-03-21,Mitchell Saxen,Saint Mary's,Player Assists,BetOnline,1.5,-107.0,-120.0
2025-03-21,Mitchell Saxen,Saint Mary's,Player Points,BetOnline,11.5,-107.0,-120.0
2025-03-21,Mitchell Saxen,Saint Mary's,Player Points,FanDuel,11.5,102.0,-132.0
2025-03-21,Mitchell Saxen,Saint Mary's,Player Rebounds,BetOnline,8.5,104.0,-135.0
2025-03-21,Mitchell Saxen,Saint Mary's,Player Rebounds,FanDuel,7.5,-140.0,105.0
2025-03-21,Paulius Murauskas,Saint Mary's,Player Assists,BetOnline,1.5,177.0,-238.0
2025-03-21,Paulius Murauskas,Saint Mary's,Player Points,BetOnline,12.5,-120.0,-107.0
2025-03-21,Paulius Murauskas,Saint Mary's,Player Points,FanDuel,12.5,-104.0,-125.0
2025-03-21,Paulius Murauskas,Saint Mary's,Player Rebounds,BetOnline,7.5,106.0,-136.0
2025-03-21,Paulius Murauskas,Saint Mary's,Player Rebounds,FanDuel,7.5,106.0,-140.0
2025-03-21,Tyler Nickel,Vanderbilt,Player Points,BetOnline,8.5,-107.0,-120.0
2025-03-21,Tyler Nickel,Vanderbilt,Player Points,FanDuel,8.5,104.0,-132.0
2025-03-21,Tyler Nickel,Vanderbilt,Player Rebounds,BetOnline,2.5,118.0,-153.0
2025-03-21,Tyler Tanner,Vanderbilt,Player Assists,BetOnline,1.5,-107.0,-120.0
2025-03-22,Chad Baker-Mazara,Auburn,Player Assists,Fliff,2.5,100.0,-155.0
2025-03-22,Chad Baker-Mazara,Auburn,Player Points,BetOnline,11.5,-135.0,104.0
2025-03-22,Chad Baker-Mazara,Auburn,Player Points,FanDuel,11.5,-125.0,-104.0
2025-03-22,Chad Baker-Mazara,Auburn,Player Points,Fliff,11.5,-155.0,100.0
2025-03-22,Chad Baker-Mazara,Auburn,Player Rebounds,Fliff,2.5,-130.0,-120.0
2025-03-22,Chaney Johnson,Auburn,Player Assists,Fliff,0.5,-190.0,120.0
2025-03-22,Chaney Johnson,Auburn,Player Points,BetOnline,8.5,-112.0,-114.0
2025-03-22,Chaney Johnson,Auburn,Player Points,Fliff,8.5,-125.0,-125.0
2025-03-22,Chaney Johnson,Auburn,Player Rebounds,BetOnline,3.5,-175.0,135.0
2025-03-22,Chaney Johnson,Auburn,Player Rebounds,Fliff,3.5,-185.0,115.0
2025-03-22,Denver Jones,Auburn,Player Assists,BetOnline,2.5,-107.0,-120.0
2025-03-22,Denver Jones,Auburn,Player Assists,Fliff,2.5,-110.0,-140.0
2025-03-22,Denver Jones,Auburn,Player Points,BetOnline,10.5,-112.0,-114.0
2025-03-22,Denver Jones,Auburn,Player Points,FanDuel,9.5,-124.0,-104.0
2025-03-22,Denver Jones,Auburn,Player Points,Fliff,10.5,-130.0,-120.0
2025-03-22,Denver Jones,Auburn,Player Rebounds,BetOnline,2.5,108.0,-140.0
2025-03-22,Denver Jones,Auburn,Player Rebounds,Fliff,2.5,100.0,-155.0
2025-03-22,Jackson McAndrew,Creighton,Player Points,BetOnline,7.5,-120.0,-107.0
2025-03-22,Jackson McAndrew,Creighton,Player Points,FanDuel,9.5,250.0,
2025-03-22,Jackson McAndrew,Creighton,Player Points,Fliff,6.5,-160.0,105.0
2025-03-22,Jackson McAndrew,Creighton,Player Rebounds,BetOnline,4.5,102.0,-133.0
2025-03-22,Jackson McAndrew,Creighton,Player Rebounds,Fliff,4.5,-105.0,-150.0
2025-03-22,Jamiya Neal,Creighton,Player Assists,BetOnline,3.5,-135.0,104.0
2025-03-22,Jamiya Neal,Creighton,Player Assists,Fliff,3.5,-145.0,-105.0
2025-03-22,Jamiya Neal,Creighton,Player Points,BetOnline,13.5,-107.0,-120.0
2025-03-22,Jamiya Neal,Creighton,Player Points,FanDuel,13.5,-104.0,-125.0
2025-03-22,Jamiya Neal,Creighton,Player Points,Fliff,13.5,-120.0,-130.0
2025-03-22,Jamiya Neal,Creighton,Player Rebounds,BetOnline,6.5,102.0,-133.0
2025-03-22,Jamiya Neal,Creighton,Player Rebounds,FanDuel,6.5,118.0,-158.0
2025-03-22,Jamiya Neal,Creighton,Player Rebounds,Fliff,6.5,-110.0,-140.0
2025-03-22,Jasen Green,Creighton,Player Assists,BetOnline,0.5,-256.0,190.0
2025-03-22,Jasen Green,Creighton,Player Assists,Fliff,0.5,-265.0,165.0
2025-03-22,Jasen Green,Creighton,Player Points,BetOnline,7.5,102.0,-133.0
2025-03-22,Jasen Green,Creighton,Player Points,FanDuel,9.5,235.0,
2025-03-22,Jasen Green,Creighton,Player Points,Fliff,7.5,-105.0,-150.0
2025-03-22,Jasen Green,Creighton,Player Rebounds,BetOnline,4.5,122.0,-158.0
2025-03-22,Jasen Green,Creighton,Player Rebounds,Fliff,4.5,115.0,-180.0
2025-03-22,Johni Broome,Auburn,Player Assists,BetOnline,2.5,-119.0,-108.0
2025-03-22,Johni Broome,Auburn,Player Assists,Fliff,2.5,-130.0,-120.0
2025-03-22,Johni Broome,Auburn,Player Points,BetOnline,20.5,-116.0,-111.0
2025-03-22,Johni Broome,Auburn,Player Points,FanDuel,19.5,100.0,-130.0
2025-03-22,Johni Broome,Auburn,Player Points,Fliff,20.5,-125.0,-125.0
2025-03-22,Johni Broome,Auburn,Player Rebounds,BetOnline,10.5,-106.0,-121.0
2025-03-22,Johni Broome,Auburn,Player Rebounds,FanDuel,10.5,114.0,-152.0
2025-03-22,Johni Broome,Auburn,Player Rebounds,Fliff,10.5,-125.0,-125.0
2025-03-22,Miles Kelly,Auburn,Player Points,BetOnline,12.5,-126.0,-102.0
2025-03-22,Miles Kelly,Auburn,Player Points,FanDuel,11.5,-130.0,
2025-03-22,Miles Kelly,Auburn,Player Points,Fliff,12.5,-140.0,-110.0
2025-03-22,Miles Kelly,Auburn,Player Rebounds,BetOnline,3.5,-113.0,-113.0
2025-03-22,Miles Kelly,Auburn,Player Rebounds,Fliff,3.5,-125.0,-125.0
2025-03-22,Ryan Kalkbrenner,Creighton,Player Assists,BetOnline,1.5,136.0,-178.0
2025-03-22,Ryan Kalkbrenner,Creighton,Player Assists,Fliff,1.5,130.0,-200.0
2025-03-22,Ryan Kalkbrenner,Creighton,Player Points,BetOnline,20.5,-112.0,-114.0
2025-03-22,Ryan Kalkbrenner,Creighton,Player Points,FanDuel,20.5,-115.0,-113.0
2025-03-22,Ryan Kalkbrenner,Creighton,Player Points,Fliff,20.5,-120.0,-130.0
2025-03-22,Ryan Kalkbrenner,Creighton,Player Rebounds,BetOnline,8.5,-123.0,-104.0
2025-03-22,Ryan Kalkbrenner,Creighton,Player Rebounds,FanDuel,8.5,-130.0,-102.0
2025-03-22,Ryan Kalkbrenner,Creighton,Player Rebounds,Fliff,8.5,-135.0,-115.0
2025-03-22,Steven Ashworth,Creighton,Player Assists,BetOnline,4.5,-151.0,116.0
2025-03-22,Steven Ashworth,Creighton,Player Assists,FanDuel,4.5,-162.0,122.0
2025-03-22,Steven Ashworth,Creighton,Player Assists,Fliff,4.5,-155.0,100.0
2025-03-22,Steven Ashworth,Creighton,Player Points,BetOnline,16.5,-114.0,-112.0
2025-03-22,Steven Ashworth,Creighton,Player Points,FanDuel,16.5,-118.0,-110.0
2025-03-22,Steven Ashworth,Creighton,Player Points,Fliff,16.5,-130.0,-120.0
2025-03-22,Steven Ashworth,Creighton,Player Rebounds,BetOnline,4.5,-111.0,-116.0
2025-03-22,Steven Ashworth,Creighton,Player Rebounds,Fliff,4.5,-115.0,-135.0
2025-03-22,Tahaad Pettiford,Auburn,Player Assists,BetOnline,2.5,-107.0,-120.0
2025-03-22,Tahaad Pettiford,Auburn,Player Assists,Fliff,2.5,-110.0,-140.0
2025-03-22,Tahaad Pettiford,Auburn,Player Points,BetOnline,10.5,-123.0,-105.0
2025-03-22,Tahaad Pettiford,Auburn,Player Points,FanDuel,10.5,-104.0,-125.0
2025-03-22,Tahaad Pettiford,Auburn,Player Points,Fliff,10.5,-160.0,100.0
2025-03-22,Tahaad Pettiford,Auburn,Player Rebounds,BetOnline,2.5,-126.0,-102.0
2025-03-22,Tahaad Pettiford,Auburn,Player Rebounds,Fliff,2.5,-140.0,-110.0
2025-03-21,Ben Humrichous,Illinois,Player Assists,Fliff,0.5,-130.0,-120.0
2025-03-21,Ben Humrichous,Illinois,Player Points,BetOnline,5.5,-123.0,-105.0
2025-03-21,Ben Humrichous,Illinois,Player Points,Fliff,5.5,-140.0,-110.0
2025-03-21,Ben Humrichous,Illinois,Player Rebounds,BetOnline,3.5,106.0,-138.0
2025-03-21,Ben Humrichous,Illinois,Player Rebounds,Fliff,3.5,100.0,-160.0
2025-03-21,Dailyn Swain,Xavier,Player Assists,BetOnline,2.5,-114.0,-112.0
2025-03-21,Dailyn Swain,Xavier,Player Assists,Fliff,2.5,-130.0,-120.0
2025-03-21,Dailyn Swain,Xavier,Player Points,BetOnline,11.5,-103.0,-125.0
2025-03-21,Dailyn Swain,Xavier,Player Points,FanDuel,11.5,100.0,-130.0
2025-03-21,Dailyn Swain,Xavier,Player Points,Fliff,11.5,-130.0,-120.0
2025-03-21,Dailyn Swain,Xavier,Player Rebounds,BetOnline,5.5,-103.0,-125.0
2025-03-21,Dailyn Swain,Xavier,Player Rebounds,FanDuel,5.5,-104.0,-134.0
2025-03-21,Dailyn Swain,Xavier,Player Rebounds,Fliff,5.5,-115.0,-135.0
2025-03-21,Dayvion McKnight,Xavier,Player Assists,BetOnline,3.5,100.0,-129.0
2025-03-21,Dayvion McKnight,Xavier,Player Assists,Fliff,3.5,-110.0,-140.0
2025-03-21,Dayvion McKnight,Xavier,Player Points,BetOnline,8.5,-111.0,-116.0
2025-03-21,Dayvion McKnight,Xavier,Player Points,FanDuel,8.5,-105.0,-125.0
2025-03-21,Dayvion McKnight,Xavier,Player Points,Fliff,8.5,-145.0,-105.0
2025-03-21,Dayvion McKnight,Xavier,Player Rebounds,BetOnline,2.5,-163.0,125.0
2025-03-21,Dayvion McKnight,Xavier,Player Rebounds,Fliff,2.5,-180.0,115.0
2025-03-21,Kasparas Jakucionis,Illinois,Player Assists,BetOnline,4.5,-105.0,-123.0
2025-03-21,Kasparas Jakucionis,Illinois,Player Assists,FanDuel,4.5,-102.0,-138.0
2025-03-21,Kasparas Jakucionis,Illinois,Player Points,BetOnline,15.5,-108.0,-119.0
2025-03-21,Kasparas Jakucionis,Illinois,Player Points,FanDuel,15.5,100.0,-130.0
2025-03-21,Kasparas Jakucionis,Illinois,Player Points,Fliff,15.5,-115.0,-135.0
2025-03-21,Kasparas Jakucionis,Illinois,Player Rebounds,BetOnline,5.5,-113.0,-113.0
2025-03-21,Kasparas Jakucionis,Illinois,Player Rebounds,FanDuel,5.5,112.0,-156.0
2025-03-21,Kasparas Jakucionis,Illinois,Player Rebounds,Fliff,5.5,-145.0,-110.0
2025-03-21,Kylan Boswell,Illinois,Player Assists,BetOnline,3.5,-108.0,-117.0
2025-03-21,Kylan Boswell,Illinois,Player Assists,Fliff,3.5,-120.0,-130.0
2025-03-21,Kylan Boswell,Illinois,Player Points,BetOnline,13.5,100.0,-129.0
2025-03-21,Kylan Boswell,Illinois,Player Points,FanDuel,13.5,100.0,-130.0
2025-03-21,Kylan Boswell,Illinois,Player Points,Fliff,12.5,-125.0,-125.0
2025-03-21,Kylan Boswell,Illinois,Player Rebounds,BetOnline,4.5,-116.0,-111.0
2025-03-21,Kylan Boswell,Illinois,Player Rebounds,Fliff,4.5,-120.0,-130.0
2025-03-21,Marcus Foster,Xavier,Player Assists,BetOnline,1.5,-135.0,104.0
2025-03-21,Marcus Foster,Xavier,Player Assists,Fliff,1.5,-150.0,-105.0
2025-03-21,Marcus Foster,Xavier,Player Points,BetOnline,8.5,-109.0,-117.0
2025-03-21,Marcus Foster,Xavier,Player Points,FanDuel,9.5,138.0,
2025-03-21,Marcus Foster,Xavier,Player Points,Fliff,8.5,-120.0,-130.0
2025-03-21,Marcus Foster,Xavier,Player Rebounds,BetOnline,5.5,-126.0,-102.0
2025-03-21,Marcus Foster,Xavier,Player Rebounds,Fliff,5.5,-140.0,-110.0
2025-03-21,Ryan Conwell,Xavier,Player Assists,BetOnline,2.5,-112.0,-114.0
2025-03-21,Ryan Conwell,Xavier,Player Assists,Fliff,2.5,-120.0,-130.0
2025-03-21,Ryan Conwell,Xavier,Player Points,BetOnline,18.5,-103.0,-125.0
2025-03-21,Ryan Conwell,Xavier,Player Points,FanDuel,17.5,-115.0,-115.0
2025-03-21,Ryan Conwell,Xavier,Player Points,Fliff,18.5,-115.0,-135.0
2025-03-21,Ryan Conwell,Xavier,Player Rebounds,BetOnline,2.5,-140.0,108.0
2025-03-21,Ryan Conwell,Xavier,Player Rebounds,Fliff,2.5,-160.0,100.0
2025-03-21,Tomislav Ivisic,Illinois,Player Assists,BetOnline,2.5,-103.0,-125.0
2025-03-21,Tomislav Ivisic,Illinois,Player Assists,Fliff,2.5,-115.0,-135.0
2025-03-21,Tomislav Ivisic,Illinois,Player Points,BetOnline,12.5,-120.0,-107.0
2025-03-21,Tomislav Ivisic,Illinois,Player Points,FanDuel,12.5,-115.0,-115.0
2025-03-21,Tomislav Ivisic,Illinois,Player Points,Fliff,12.5,-140.0,-110.0
2025-03-21,Tomislav Ivisic,Illinois,Player Rebounds,BetOnline,6.5,-109.0,-117.0
2025-03-21,Tomislav Ivisic,Illinois,Player Rebounds,FanDuel,6.5,-118.0,-118.0
2025-03-21,Tomislav Ivisic,Illinois,Player Rebounds,Fliff,6.5,-120.0,-130.0
2025-03-21,Tre White,Illinois,Player Assists,Fliff,0.5,-175.0,110.0
2025-03-21,Tre White,Illinois,Player Points,BetOnline,11.5,-113.0,-113.0
2025-03-21,Tre White,Illinois,Player Points,Fliff,11.5,-125.0,-125.0
2025-03-21,Tre White,Illinois,Player Rebounds,BetOnline,5.5,-120.0,-107.0
2025-03-21,Tre White,Illinois,Player Rebounds,Fliff,5.5,-135.0,-115.0
2025-03-21,Will Riley,Illinois,Player Assists,BetOnline,2.5,-169.0,129.0
2025-03-21,Will Riley,Illinois,Player Assists,Fliff,2.5,-180.0,115.0
2025-03-21,Will Riley,Illinois,Player Points,BetOnline,15.5,-116.0,-111.0
2025-03-21,Will Riley,Illinois,Player Points,FanDuel,15.5,-110.0,-120.0
2025-03-21,Will Riley,Illinois,Player Points,Fliff,15.5,-140.0,-110.0
2025-03-21,Will Riley,Illinois,Player Rebounds,BetOnline,4.5,-161.0,123.0
2025-03-21,Will Riley,Illinois,Player Rebounds,Fliff,4.5,-175.0,110.0
2025-03-21,Zach Freemantle,Xavier,Player Assists,BetOnline,1.5,-121.0,-106.0
2025-03-21,Zach Freemantle,Xavier,Player Assists,Fliff,1.5,-140.0,-115.0
2025-03-21,Zach Freemantle,Xavier,Player Points,BetOnline,18.5,-103.0,-125.0
2025-03-21,Zach Freemantle,Xavier,Player Points,FanDuel,17.5,-125.0,-105.0
2025-03-21,Zach Freemantle,Xavier,Player Points,Fliff,18.5,-120.0,-130.0
2025-03-21,Zach Freemantle,Xavier,Player Rebounds,BetOnline,6.5,-129.0,100.0
2025-03-21,Zach Freemantle,Xavier,Player Rebounds,FanDuel,7.5,114.0,
2025-03-21,Zach Freemantle,Xavier,Player Rebounds,Fliff,6.5,-145.0,-105.0
2025-03-21,Brandon Angel,Oregon,Player Points,BetOnline,6.5,-102.0,-126.0
2025-03-21,Brandon Angel,Oregon,Player Points,Fliff,6.5,-105.0,-145.0
2025-03-21,Brandon Angel,Oregon,Player Rebounds,BetOnline,3.5,-149.0,114.0
2025-03-21,Brandon Angel,Oregon,Player Rebounds,Fliff,3.5,-160.0,100.0
2025-03-21,Colin Porter,Liberty,Player Assists,BetOnline,3.5,127.0,-166.0
2025-03-21,Colin Porter,Liberty,Player Assists,Fliff,3.5,120.0,-190.0
2025-03-21,Colin Porter,Liberty,Player Points,BetOnline,9.5,-116.0,-111.0
2025-03-21,Colin Porter,Liberty,Player Points,FanDuel,9.5,-104.0,-120.0
2025-03-21,Colin Porter,Liberty,Player Points,Fliff,9.5,-140.0,-110.0
2025-03-21,Colin Porter,Liberty,Player Rebounds,BetOnline,2.5,117.0,-151.0
2025-03-21,Colin Porter,Liberty,Player Rebounds,Fliff,2.5,110.0,-170.0
2025-03-21,Jackson Shelstad,Oregon,Player Assists,BetOnline,2.5,149.0,-196.0
2025-03-21,Jackson Shelstad,Oregon,Player Assists,Fliff,2.5,135.0,-220.0
2025-03-21,Jackson Shelstad,Oregon,Player Points,BetOnline,15.5,-113.0,-113.0
2025-03-21,Jackson Shelstad,Oregon,Player Points,FanDuel,14.5,-106.0,-120.0
2025-03-21,Jackson Shelstad,Oregon,Player Rebounds,BetOnline,2.5,-121.0,-106.0
2025-03-21,Jackson Shelstad,Oregon,Player Rebounds,Fliff,2.5,-130.0,-120.0
2025-03-21,Jayvon Maughmer,Liberty,Player Points,BetOnline,7.5,-136.0,106.0
2025-03-21,Jayvon Maughmer,Liberty,Player Points,Fliff,7.5,-150.0,-105.0
2025-03-21,Jayvon Maughmer,Liberty,Player Rebounds,BetOnline,4.5,-116.0,-111.0
2025-03-21,Jayvon Maughmer,Liberty,Player Rebounds,Fliff,4.5,-130.0,-120.0
2025-03-21,Kaden Metheny,Liberty,Player Assists,BetOnline,1.5,102.0,-133.0
2025-03-21,Kaden Metheny,Liberty,Player Assists,Fliff,1.5,-105.0,-145.0
2025-03-21,Kaden Metheny,Liberty,Player Points,BetOnline,13.5,118.0,-153.0
2025-03-21,Kaden Metheny,Liberty,Player Points,FanDuel,12.5,100.0,-130.0
2025-03-21,Kaden Metheny,Liberty,Player Points,Fliff,12.5,-120.0,-130.0
2025-03-21,Kaden Metheny,Liberty,Player Rebounds,BetOnline,3.5,127.0,-166.0
2025-03-21,Kaden Metheny,Liberty,Player Rebounds,Fliff,3.5,120.0,-190.0
2025-03-21,Keeshawn Barthelemy,Oregon,Player Assists,BetOnline,2.5,112.0,-144.0
2025-03-21,Keeshawn Barthelemy,Oregon,Player Assists,Fliff,2.5,105.0,-165.0
2025-03-21,Keeshawn Barthelemy,Oregon,Player Points,BetOnline,10.5,-107.0,-120.0
2025-03-21,Keeshawn Barthelemy,Oregon,Player Points,FanDuel,9.5,-120.0,-105.0
2025-03-21,Keeshawn Barthelemy,Oregon,Player Points,Fliff,10.5,-115.0,-135.0
2025-03-21,Keeshawn Barthelemy,Oregon,Player Rebounds,BetOnline,2.5,-109.0,-117.0
2025-03-21,Keeshawn Barthelemy,Oregon,Player Rebounds,Fliff,2.5,-120.0,-130.0
2025-03-21,Kwame Evans Jr.,Oregon,Player Points,BetOnline,6.5,-102.0,-126.0
2025-03-21,Kwame Evans Jr.,Oregon,Player Points,Fliff,6.5,-110.0,-140.0
2025-03-21,Kwame Evans Jr.,Oregon,Player Rebounds,BetOnline,5.5,-147.0,112.0
2025-03-21,Kwame Evans Jr.,Oregon,Player Rebounds,Fliff,5.5,-160.0,100.0
2025-03-21,Nate Bittle,Oregon,Player Assists,BetOnline,1.5,-153.0,119.0
2025-03-21,Nate Bittle,Oregon,Player Assists,Fliff,1.5,-170.0,110.0
2025-03-21,Nate Bittle,Oregon,Player Points,BetOnline,16.5,-113.0,-113.0
2025-03-21,Nate Bittle,Oregon,Player Points,FanDuel,15.5,-120.0,-110.0
2025-03-21,Nate Bittle,Oregon,Player Points,Fliff,16.5,-125.0,-125.0
2025-03-21,Nate Bittle,Oregon,Player Rebounds,BetOnline,8.5,104.0,-135.0
2025-03-21,Nate Bittle,Oregon,Player Rebounds,FanDuel,7.5,-112.0,-118.0
2025-03-21,Nate Bittle,Oregon,Player Rebounds,Fliff,8.5,-110.0,-145.0
2025-03-21,Taelon Peter,Liberty,Player Assists,BetOnline,1.5,161.0,-212.0
2025-03-21,Taelon Peter,Liberty,Player Assists,Fliff,1.5,150.0,-240.0
2025-03-21,Taelon Peter,Liberty,Player Points,BetOnline,14.5,100.0,-129.0
2025-03-21,Taelon Peter,Liberty,Player Points,FanDuel,13.5,-110.0,-120.0
2025-03-21,Taelon Peter,Liberty,Player Points,Fliff,13.5,-150.0,-105.0
2025-03-21,Taelon Peter,Liberty,Player Rebounds,BetOnline,4.5,-128.0,-101.0
2025-03-21,Taelon Peter,Liberty,Player Rebounds,FanDuel,4.5,-122.0,-114.0
2025-03-21,Taelon Peter,Liberty,Player Rebounds,Fliff,4.5,-150.0,-105.0
2025-03-21,TJ Bamba,Oregon,Player Assists,BetOnline,2.5,-147.0,112.0
2025-03-21,TJ Bamba,Oregon,Player Assists,Fliff,2.5,-160.0,105.0
2025-03-21,TJ Bamba,Oregon,Player Points,BetOnline,10.5,-108.0,-119.0
2025-03-21,TJ Bamba,Oregon,Player Points,FanDuel,10.5,100.0,-130.0
2025-03-21,TJ Bamba,Oregon,Player Points,Fliff,10.5,-130.0,-120.0
2025-03-21,TJ Bamba,Oregon,Player Rebounds,BetOnline,3.5,-151.0,117.0
2025-03-21,TJ Bamba,Oregon,Player Rebounds,Fliff,3.5,-170.0,105.0
2025-03-21,Zach Cleveland,Liberty,Player Assists,BetOnline,3.5,-156.0,120.0
2025-03-21,Zach Cleveland,Liberty,Player Assists,Fliff,3.5,-170.0,110.0
2025-03-21,Zach Cleveland,Liberty,Player Points,BetOnline,11.5,-103.0,-125.0
2025-03-21,Zach Cleveland,Liberty,Player Points,FanDuel,10.5,-115.0,-115.0
2025-03-21,Zach Cleveland,Liberty,Player Points,Fliff,11.5,-115.0,-135.0
2025-03-21,Zach Cleveland,Liberty,Player Rebounds,BetOnline,5.5,-101.0,-128.0
2025-03-21,Zach Cleveland,Liberty,Player Rebounds,FanDuel,5.5,-114.0,-122.0
2025-03-21,Zach Cleveland,Liberty,Player Rebounds,Fliff,5.5,-105.0,-150.0
2025-03-21,Drake Powell,North Carolina,Player Points,BetOnline,7.5,-136.0,106.0
2025-03-21,Drake Powell,North Carolina,Player Rebounds,BetOnline,3.5,104.0,-135.0
2025-03-21,Dre Davis,Ole Miss,Player Assists,BetOnline,1.5,171.0,-227.0
2025-03-21,Dre Davis,Ole Miss,Player Points,BetOnline,11.5,-107.0,-120.0
2025-03-21,Dre Davis,Ole Miss,Player Rebounds,BetOnline,5.5,-102.0,-126.0
2025-03-21,Elliot Cadeau,North Carolina,Player Assists,BetOnline,4.5,-153.0,118.0
2025-03-21,Elliot Cadeau,North Carolina,Player Assists,FanDuel,4.5,-140.0,105.0
2025-03-21,Elliot Cadeau,North Carolina,Player Points,BetOnline,8.5,-106.0,-121.0
2025-03-21,Elliot Cadeau,North Carolina,Player Points,FanDuel,8.5,-125.0,-104.0
2025-03-21,Elliot Cadeau,North Carolina,Player Rebounds,BetOnline,2.5,-175.0,135.0
2025-03-21,Jae'Lyn Withers,North Carolina,Player Points,BetOnline,9.5,-119.0,-108.0
2025-03-21,Jae'Lyn Withers,North Carolina,Player Points,FanDuel,9.5,102.0,-130.0
2025-03-21,Jae'Lyn Withers,North Carolina,Player Rebounds,BetOnline,7.5,108.0,-140.0
2025-03-21,Jae'Lyn Withers,North Carolina,Player Rebounds,FanDuel,6.5,-145.0,110.0
2025-03-21,Jaemyn Brakefield,Ole Miss,Player Assists,BetOnline,1.5,-106.0,-121.0
2025-03-21,Jaemyn Brakefield,Ole Miss,Player Points,BetOnline,11.5,102.0,-131.0
2025-03-21,Jaemyn Brakefield,Ole Miss,Player Points,FanDuel,11.5,100.0,-130.0
2025-03-21,Jaemyn Brakefield,Ole Miss,Player Rebounds,BetOnline,3.5,-119.0,-108.0
2025-03-21,Jaemyn Brakefield,Ole Miss,Player Rebounds,FanDuel,3.5,-140.0,105.0
2025-03-21,Jaylen Murray,Ole Miss,Player Assists,BetOnline,2.5,-153.0,118.0
2025-03-21,Jaylen Murray,Ole Miss,Player Points,BetOnline,10.5,-103.0,-125.0
2025-03-21,Jaylen Murray,Ole Miss,Player Rebounds,BetOnline,2.5,117.0,-151.0
2025-03-21,Malik Dia,Ole Miss,Player Points,BetOnline,12.5,-111.0,-116.0
2025-03-21,Malik Dia,Ole Miss,Player Points,FanDuel,11.5,-120.0,-108.0
2025-03-21,Malik Dia,Ole Miss,Player Rebounds,BetOnline,5.5,-106.0,-121.0
2025-03-21,Malik Dia,Ole Miss,Player Rebounds,FanDuel,5.5,110.0,-145.0
2025-03-21,Matthew Murrell,Ole Miss,Player Assists,BetOnline,1.5,-113.0,-113.0
2025-03-21,Matthew Murrell,Ole Miss,Player Points,BetOnline,10.5,-105.0,-123.0
2025-03-21,Matthew Murrell,Ole Miss,Player Points,FanDuel,10.5,-104.0,-125.0
2025-03-21,Matthew Murrell,Ole Miss,Player Rebounds,BetOnline,3.5,-131.0,102.0
2025-03-21,Matthew Murrell,Ole Miss,Player Rebounds,FanDuel,3.5,-104.0,-125.0
2025-03-21,RJ Davis,North Carolina,Player Assists,BetOnline,4.5,129.0,-169.0
2025-03-21,RJ Davis,North Carolina,Player Assists,FanDuel,4.5,120.0,-160.0
2025-03-21,RJ Davis,North Carolina,Player Points,BetOnline,17.5,-107.0,-120.0
2025-03-21,RJ Davis,North Carolina,Player Points,FanDuel,17.5,-102.0,-128.0
2025-03-21,RJ Davis,North Carolina,Player Rebounds,BetOnline,3.5,-103.0,-125.0
2025-03-21,RJ Davis,North Carolina,Player Rebounds,FanDuel,3.5,-112.0,-115.0
2025-03-21,Sean Pedulla,Ole Miss,Player Assists,BetOnline,3.5,-103.0,-125.0
2025-03-21,Sean Pedulla,Ole Miss,Player Assists,FanDuel,3.5,-118.0,-110.0
2025-03-21,Sean Pedulla,Ole Miss,Player Points,BetOnline,14.5,-113.0,-113.0
2025-03-21,Sean Pedulla,Ole Miss,Player Points,FanDuel,14.5,-102.0,-125.0
2025-03-21,Sean Pedulla,Ole Miss,Player Rebounds,BetOnline,3.5,-107.0,-120.0
2025-03-21,Seth Trimble,North Carolina,Player Assists,BetOnline,1.5,177.0,-238.0
2025-03-21,Seth Trimble,North Carolina,Player Points,BetOnline,10.5,-126.0,-102.0
2025-03-21,Seth Trimble,North Carolina,Player Rebounds,BetOnline,4.5,104.0,-135.0
2025-03-21,Ven-Allen Lubin,North Carolina,Player Points,BetOnline,11.5,-119.0,-108.0
2025-03-21,Ven-Allen Lubin,North Carolina,Player Rebounds,BetOnline,8.5,100.0,-129.0
2025-03-21,Ven-Allen Lubin,North Carolina,Player Rebounds,FanDuel,8.5,-105.0,-125.0
2025-03-21,Barry Evans,Bryant,Player Assists,BetOnline,2.5,125.0,-163.0
2025-03-21,Barry Evans,Bryant,Player Assists,Fliff,2.5,120.0,-185.0
2025-03-21,Barry Evans,Bryant,Player Points,BetOnline,11.5,-102.0,-126.0
2025-03-21,Barry Evans,Bryant,Player Points,FanDuel,10.5,-110.0,-120.0
2025-03-21,Barry Evans,Bryant,Player Points,Fliff,11.5,-115.0,-135.0
2025-03-21,Barry Evans,Bryant,Player Rebounds,BetOnline,5.5,106.0,-136.0
2025-03-21,Barry Evans,Bryant,Player Rebounds,FanDuel,5.5,105.0,-144.0
2025-03-21,Barry Evans,Bryant,Player Rebounds,Fliff,5.5,-105.0,-150.0
2025-03-21,Carson Cooper,Michigan State,Player Points,BetOnline,7.5,-102.0,-126.0
2025-03-21,Carson Cooper,Michigan State,Player Points,Fliff,6.5,-155.0,100.0
2025-03-21,Carson Cooper,Michigan State,Player Rebounds,BetOnline,6.5,104.0,-135.0
2025-03-21,Carson Cooper,Michigan State,Player Rebounds,Fliff,6.5,-105.0,-145.0
2025-03-21,Coen Carr,Michigan State,Player Points,BetOnline,8.5,110.0,-142.0
2025-03-21,Coen Carr,Michigan State,Player Points,FanDuel,7.5,-105.0,-125.0
2025-03-21,Coen Carr,Michigan State,Player Points,Fliff,7.5,-135.0,-115.0
2025-03-21,Connor Withers,Bryant,Player Assists,BetOnline,3.5,127.0,-166.0
2025-03-21,Connor Withers,Bryant,Player Assists,FanDuel,2.5,-132.0,-106.0
2025-03-21,Connor Withers,Bryant,Player Assists,Fliff,3.5,115.0,-180.0
2025-03-21,Connor Withers,Bryant,Player Points,BetOnline,9.5,104.0,-135.0
2025-03-21,Connor Withers,Bryant,Player Points,FanDuel,8.5,-110.0,-120.0
2025-03-21,Connor Withers,Bryant,Player Points,Fliff,9.5,-115.0,-140.0
2025-03-21,Connor Withers,Bryant,Player Rebounds,BetOnline,5.5,-111.0,-116.0
2025-03-21,Connor Withers,Bryant,Player Rebounds,FanDuel,5.5,100.0,-134.0
2025-03-21,Connor Withers,Bryant,Player Rebounds,Fliff,5.5,-135.0,-115.0
2025-03-21,Earl Timberlake,Bryant,Player Assists,BetOnline,3.5,-136.0,106.0
2025-03-21,Earl Timberlake,Bryant,Player Assists,FanDuel,3.5,-154.0,110.0
2025-03-21,Earl Timberlake,Bryant,Player Assists,Fliff,3.5,-150.0,-105.0
2025-03-21,Earl Timberlake,Bryant,Player Points,BetOnline,13.5,-125.0,-103.0
2025-03-21,Earl Timberlake,Bryant,Player Points,FanDuel,12.5,-110.0,-120.0
2025-03-21,Earl Timberlake,Bryant,Player Points,Fliff,13.5,-140.0,-110.0
2025-03-21,Earl Timberlake,Bryant,Player Rebounds,BetOnline,6.5,110.0,-142.0
2025-03-21,Earl Timberlake,Bryant,Player Rebounds,FanDuel,6.5,102.0,-142.0
2025-03-21,Earl Timberlake,Bryant,Player Rebounds,Fliff,5.5,-155.0,100.0
2025-03-21,Jaden Akins,Michigan State,Player Assists,BetOnline,1.5,117.0,-151.0
2025-03-21,Jaden Akins,Michigan State,Player Assists,Fliff,1.5,110.0,-170.0
2025-03-21,Jaden Akins,Michigan State,Player Points,BetOnline,13.5,-107.0,-120.0
2025-03-21,Jaden Akins,Michigan State,Player Points,FanDuel,13.5,-115.0,-115.0
2025-03-21,Jaden Akins,Michigan State,Player Points,Fliff,13.5,-105.0,-145.0
2025-03-21,Jaden Akins,Michigan State,Player Rebounds,BetOnline,3.5,-101.0,-128.0
2025-03-21,Jaden Akins,Michigan State,Player Rebounds,Fliff,3.5,-105.0,-145.0
2025-03-21,Jase Richardson,Michigan State,Player Assists,BetOnline,1.5,-200.0,152.0
2025-03-21,Jase Richardson,Michigan State,Player Assists,Fliff,1.5,-215.0,135.0
2025-03-21,Jase Richardson,Michigan State,Player Points,BetOnline,16.5,-117.0,-109.0
2025-03-21,Jase Richardson,Michigan State,Player Points,FanDuel,16.5,100.0,-130.0
2025-03-21,Jase Richardson,Michigan State,Player Points,Fliff,16.5,-130.0,-120.0
2025-03-21,Jase Richardson,Michigan State,Player Rebounds,BetOnline,4.5,-105.0,-123.0
2025-03-21,Jase Richardson,Michigan State,Player Rebounds,Fliff,4.5,-110.0,-140.0
2025-03-21,Jaxon Kohler,Michigan State,Player Assists,BetOnline,1.5,158.0,-208.0
2025-03-21,Jaxon Kohler,Michigan State,Player Assists,Fliff,1.5,150.0,-235.0
2025-03-21,Jaxon Kohler,Michigan State,Player Points,BetOnline,7.5,-123.0,-105.0
2025-03-21,Jaxon Kohler,Michigan State,Player Points,FanDuel,7.5,-120.0,-110.0
2025-03-21,Jaxon Kohler,Michigan State,Player Points,Fliff,8.5,100.0,-155.0
2025-03-21,Jaxon Kohler,Michigan State,Player Rebounds,BetOnline,7.5,112.0,-144.0
2025-03-21,Jaxon Kohler,Michigan State,Player Rebounds,FanDuel,7.5,122.0,-148.0
2025-03-21,Jaxon Kohler,Michigan State,Player Rebounds,Fliff,6.5,-155.0,100.0
2025-03-21,Jeremy Fears Jr.,Michigan State,Player Assists,BetOnline,5.5,124.0,-161.0
2025-03-21,Jeremy Fears Jr.,Michigan State,Player Assists,FanDuel,5.5,110.0,-134.0
2025-03-21,Jeremy Fears Jr.,Michigan State,Player Assists,Fliff,5.5,115.0,-180.0
2025-03-21,Jeremy Fears Jr.,Michigan State,Player Points,BetOnline,8.5,100.0,-129.0
2025-03-21,Jeremy Fears Jr.,Michigan State,Player Points,FanDuel,7.5,-115.0,-115.0
2025-03-21,Jeremy Fears Jr.,Michigan State,Player Points,Fliff,8.5,-110.0,-145.0
2025-03-21,Jeremy Fears Jr.,Michigan State,Player Rebounds,BetOnline,2.5,145.0,-192.0
2025-03-21,Jeremy Fears Jr.,Michigan State,Player Rebounds,Fliff,2.5,100.0,-160.0
2025-03-21,Rafael Pinzon,Bryant,Player Assists,BetOnline,1.5,-111.0,-116.0
2025-03-21,Rafael Pinzon,Bryant,Player Assists,Fliff,1.5,-125.0,-125.0
2025-03-21,Rafael Pinzon,Bryant,Player Points,BetOnline,15.5,-109.0,-117.0
2025-03-21,Rafael Pinzon,Bryant,Player Points,FanDuel,15.5,100.0,-130.0
2025-03-21,Rafael Pinzon,Bryant,Player Points,Fliff,16.5,-105.0,-150.0
2025-03-21,Rafael Pinzon,Bryant,Player Rebounds,BetOnline,2.5,-147.0,112.0
2025-03-21,Rafael Pinzon,Bryant,Player Rebounds,Fliff,2.5,-160.0,100.0
2025-03-21,Tre Holloman,Michigan State,Player Assists,BetOnline,3.5,-114.0,-112.0
2025-03-21,Tre Holloman,Michigan State,Player Assists,FanDuel,3.5,-120.0,-112.0
2025-03-21,Tre Holloman,Michigan State,Player Assists,Fliff,3.5,-130.0,-120.0
2025-03-21,Tre Holloman,Michigan State,Player Points,BetOnline,10.5,-103.0,-125.0
2025-03-21,Tre Holloman,Michigan State,Player Points,FanDuel,10.5,100.0,-130.0
2025-03-21,Tre Holloman,Michigan State,Player Points,Fliff,10.5,-115.0,-135.0
2025-03-21,Tre Holloman,Michigan State,Player Rebounds,BetOnline,2.5,136.0,-178.0
2025-03-21,Tre Holloman,Michigan State,Player Rebounds,Fliff,2.5,125.0,-200.0
2025-03-21,Cooper Flagg,Duke,Player Assists,BetOnline,4.5,-108.0,-119.0
2025-03-21,Cooper Flagg,Duke,Player Assists,FanDuel,4.5,-115.0,-115.0
2025-03-21,Cooper Flagg,Duke,Player Assists,Fliff,4.5,-110.0,-140.0
2025-03-21,Cooper Flagg,Duke,Player Points,BetOnline,17.5,-103.0,-125.0
2025-03-21,Cooper Flagg,Duke,Player Points,FanDuel,17.5,100.0,-130.0
2025-03-21,Cooper Flagg,Duke,Player Rebounds,BetOnline,7.5,108.0,-140.0
2025-03-21,Cooper Flagg,Duke,Player Rebounds,FanDuel,7.5,106.0,-130.0
2025-03-21,Cooper Flagg,Duke,Player Rebounds,Fliff,6.5,-150.0,-105.0
2025-03-21,Dallas Hobbs,Mount St. Mary's,Player Assists,BetOnline,2.5,-151.0,117.0
2025-03-21,Dallas Hobbs,Mount St. Mary's,Player Assists,Fliff,2.5,-165.0,105.0
2025-03-21,Dallas Hobbs,Mount St. Mary's,Player Points,BetOnline,10.5,-117.0,-109.0
2025-03-21,Dallas Hobbs,Mount St. Mary's,Player Points,FanDuel,9.5,-118.0,-108.0
2025-03-21,Dallas Hobbs,Mount St. Mary's,Player Points,Fliff,10.5,-135.0,-115.0
2025-03-21,Dallas Hobbs,Mount St. Mary's,Player Rebounds,BetOnline,2.5,-169.0,129.0
2025-03-21,Dallas Hobbs,Mount St. Mary's,Player Rebounds,Fliff,2.5,-180.0,115.0
2025-03-21,Dola Adebayo,Mount St. Mary's,Player Assists,Fliff,0.5,-175.0,115.0
2025-03-21,Dola Adebayo,Mount St. Mary's,Player Points,BetOnline,11.5,-117.0,-109.0
2025-03-21,Dola Adebayo,Mount St. Mary's,Player Points,FanDuel,11.5,-110.0,-118.0
2025-03-21,Dola Adebayo,Mount St. Mary's,Player Points,Fliff,11.5,-140.0,-115.0
2025-03-21,Dola Adebayo,Mount St. Mary's,Player Rebounds,BetOnline,6.5,110.0,-142.0
2025-03-21,Dola Adebayo,Mount St. Mary's,Player Rebounds,FanDuel,5.5,-145.0,110.0
2025-03-21,Dola Adebayo,Mount St. Mary's,Player Rebounds,Fliff,5.5,-150.0,-120.0
2025-03-21,Jedy Cordilia,Mount St. Mary's,Player Assists,Fliff,0.5,-180.0,115.0
2025-03-21,Jedy Cordilia,Mount St. Mary's,Player Points,BetOnline,8.5,-112.0,-114.0
2025-03-21,Jedy Cordilia,Mount St. Mary's,Player Points,FanDuel,7.5,-118.0,
2025-03-21,Jedy Cordilia,Mount St. Mary's,Player Points,Fliff,8.5,-125.0,-120.0
2025-03-21,Jedy Cordilia,Mount St. Mary's,Player Rebounds,BetOnline,6.5,117.0,-151.0
2025-03-21,Jedy Cordilia,Mount St. Mary's,Player Rebounds,FanDuel,5.5,-130.0,100.0
2025-03-21,Jedy Cordilia,Mount St. Mary's,Player Rebounds,Fliff,6.5,110.0,-170.0
2025-03-21,Khaman Maluach,Duke,Player Assists,Fliff,0.5,-110.0,-145.0
2025-03-21,Khaman Maluach,Duke,Player Points,BetOnline,8.5,-113.0,-113.0
2025-03-21,Khaman Maluach,Duke,Player Points,FanDuel,7.5,-114.0,
2025-03-21,Khaman Maluach,Duke,Player Points,Fliff,8.5,-120.0,-130.0
2025-03-21,Khaman Maluach,Duke,Player Rebounds,BetOnline,7.5,-126.0,-102.0
2025-03-21,Khaman Maluach,Duke,Player Rebounds,FanDuel,8.5,110.0,-145.0
2025-03-21,Khaman Maluach,Duke,Player Rebounds,Fliff,7.5,-140.0,-110.0
2025-03-21,Kon Knueppel,Duke,Player Assists,BetOnline,3.5,117.0,-151.0
2025-03-21,Kon Knueppel,Duke,Player Assists,Fliff,3.5,110.0,-175.0
2025-03-21,Kon Knueppel,Duke,Player Points,BetOnline,16.5,-114.0,-112.0
2025-03-21,Kon Knueppel,Duke,Player Points,FanDuel,16.5,-118.0,-110.0
2025-03-21,Kon Knueppel,Duke,Player Points,Fliff,16.5,-125.0,-125.0
2025-03-21,Kon Knueppel,Duke,Player Rebounds,BetOnline,4.5,-116.0,-111.0
2025-03-21,Kon Knueppel,Duke,Player Rebounds,Fliff,4.5,-125.0,-125.0
2025-03-21,Sion James,Duke,Player Assists,BetOnline,3.5,-111.0,-116.0
2025-03-21,Sion James,Duke,Player Assists,Fliff,3.5,-120.0,-125.0
2025-03-21,Sion James,Duke,Player Points,BetOnline,9.5,-103.0,-125.0
2025-03-21,Sion James,Duke,Player Points,FanDuel,9.5,-102.0,-125.0
2025-03-21,Sion James,Duke,Player Points,Fliff,9.5,-110.0,-140.0
2025-03-21,Sion James,Duke,Player Rebounds,BetOnline,4.5,122.0,-158.0
2025-03-21,Sion James,Duke,Player Rebounds,Fliff,4.5,120.0,-185.0
2025-03-21,Tyrese Proctor,Duke,Player Assists,BetOnline,2.5,-111.0,-116.0
2025-03-21,Tyrese Proctor,Duke,Player Assists,Fliff,2.5,-115.0,-130.0
2025-03-21,Tyrese Proctor,Duke,Player Points,BetOnline,13.5,-111.0,-116.0
2025-03-21,Tyrese Proctor,Duke,Player Points,FanDuel,12.5,-114.0,-114.0
2025-03-21,Tyrese Proctor,Duke,Player Points,Fliff,13.5,-125.0,-125.0
2025-03-21,Tyrese Proctor,Duke,Player Rebounds,BetOnline,2.5,-136.0,106.0
2025-03-21,Tyrese Proctor,Duke,Player Rebounds,Fliff,2.5,-150.0,-105.0
2025-03-21,Aden Holloway,Alabama,Player Assists,BetOnline,2.5,136.0,-178.0
2025-03-21,Aden Holloway,Alabama,Player Assists,Fliff,2.5,125.0,-195.0
2025-03-21,Aden Holloway,Alabama,Player Points,BetOnline,12.5,-109.0,-117.0
2025-03-21,Aden Holloway,Alabama,Player Points,FanDuel,12.5,102.0,-132.0
2025-03-21,Aden Holloway,Alabama,Player Points,Fliff,12.5,-135.0,-115.0
2025-03-21,Aden Holloway,Alabama,Player Rebounds,BetOnline,2.5,-103.0,-125.0
2025-03-21,Aden Holloway,Alabama,Player Rebounds,Fliff,2.5,-115.0,-140.0
2025-03-21,Alvaro Folgueiras,Robert Morris,Player Assists,BetOnline,2.5,-129.0,100.0
2025-03-21,Alvaro Folgueiras,Robert Morris,Player Assists,Fliff,2.5,-145.0,-105.0
2025-03-21,Alvaro Folgueiras,Robert Morris,Player Points,BetOnline,13.5,-113.0,-113.0
2025-03-21,Alvaro Folgueiras,Robert Morris,Player Points,FanDuel,13.5,-110.0,-118.0
2025-03-21,Alvaro Folgueiras,Robert Morris,Player Points,Fliff,13.5,-135.0,-115.0
2025-03-21,Alvaro Folgueiras,Robert Morris,Player Rebounds,BetOnline,8.5,102.0,-133.0
2025-03-21,Alvaro Folgueiras,Robert Morris,Player Rebounds,FanDuel,7.5,-124.0,-105.0
2025-03-21,Alvaro Folgueiras,Robert Morris,Player Rebounds,Fliff,7.5,-115.0,-135.0
2025-03-21,Amarion Dickerson,Robert Morris,Player Assists,BetOnline,1.5,167.0,-222.0
2025-03-21,Amarion Dickerson,Robert Morris,Player Assists,Fliff,1.5,155.0,-245.0
2025-03-21,Amarion Dickerson,Robert Morris,Player Points,BetOnline,12.5,-102.0,-126.0
2025-03-21,Amarion Dickerson,Robert Morris,Player Points,Fliff,12.5,-115.0,-135.0
2025-03-21,Amarion Dickerson,Robert Morris,Player Rebounds,BetOnline,4.5,-116.0,-111.0
2025-03-21,Amarion Dickerson,Robert Morris,Player Rebounds,Fliff,4.5,-130.0,-120.0
2025-03-21,Chris Youngblood,Alabama,Player Assists,BetOnline,1.5,152.0,-200.0
2025-03-21,Chris Youngblood,Alabama,Player Assists,Fliff,1.5,140.0,-220.0
2025-03-21,Chris Youngblood,Alabama,Player Points,BetOnline,12.5,-102.0,-126.0
2025-03-21,Chris Youngblood,Alabama,Player Points,FanDuel,11.5,-114.0,-114.0
2025-03-21,Chris Youngblood,Alabama,Player Points,Fliff,12.5,-110.0,-140.0
2025-03-21,Chris Youngblood,Alabama,Player Rebounds,BetOnline,1.5,-153.0,118.0
2025-03-21,Chris Youngblood,Alabama,Player Rebounds,Fliff,1.5,-185.0,120.0
2025-03-21,Clifford Omoruyi,Alabama,Player Points,BetOnline,9.5,-102.0,-126.0
2025-03-21,Clifford Omoruyi,Alabama,Player Points,FanDuel,9.5,102.0,-130.0
2025-03-21,Clifford Omoruyi,Alabama,Player Rebounds,BetOnline,7.5,-113.0,-113.0
2025-03-21,Clifford Omoruyi,Alabama,Player Rebounds,FanDuel,7.5,102.0,-125.0
2025-03-21,Kam Woods,Robert Morris,Player Assists,BetOnline,4.5,114.0,-149.0
2025-03-21,Kam Woods,Robert Morris,Player Assists,Fliff,4.5,105.0,-165.0
2025-03-21,Kam Woods,Robert Morris,Player Points,BetOnline,14.5,-113.0,-113.0
2025-03-21,Kam Woods,Robert Morris,Player Points,Fliff,14.5,-135.0,-115.0
2025-03-21,Kam Woods,Robert Morris,Player Rebounds,BetOnline,5.5,108.0,-140.0
2025-03-21,Kam Woods,Robert Morris,Player Rebounds,Fliff,5.5,100.0,-155.0
2025-03-21,Labaron Philon,Alabama,Player Assists,BetOnline,4.5,114.0,-149.0
2025-03-21,Labaron Philon,Alabama,Player Assists,Fliff,4.5,105.0,-165.0
2025-03-21,Labaron Philon,Alabama,Player Points,BetOnline,13.5,-109.0,-117.0
2025-03-21,Labaron Philon,Alabama,Player Points,FanDuel,13.5,-122.0,-106.0
2025-03-21,Labaron Philon,Alabama,Player Points,Fliff,13.5,100.0,-155.0
2025-03-21,Labaron Philon,Alabama,Player Rebounds,BetOnline,3.5,-101.0,-128.0
2025-03-21,Labaron Philon,Alabama,Player Rebounds,Fliff,3.5,-110.0,-140.0
2025-03-21,Mark Sears,Alabama,Player Assists,BetOnline,5.5,102.0,-133.0
2025-03-21,Mark Sears,Alabama,Player Assists,FanDuel,5.5,108.0,-135.0
2025-03-21,Mark Sears,Alabama,Player Assists,Fliff,5.5,-110.0,-145.0
2025-03-21,Mark Sears,Alabama,Player Points,BetOnline,20.5,-119.0,-108.0
2025-03-21,Mark Sears,Alabama,Player Points,FanDuel,20.5,-122.0,-106.0
2025-03-21,Mark Sears,Alabama,Player Points,Fliff,20.5,-120.0,-130.0
2025-03-21,Mark Sears,Alabama,Player Rebounds,BetOnline,3.5,-103.0,-125.0
2025-03-21,Mark Sears,Alabama,Player Rebounds,Fliff,3.5,-150.0,-105.0
2025-03-22,Emanuel Sharp,Houston,Player Assists,Fliff,0.5,-170.0,110.0
2025-03-22,Emanuel Sharp,Houston,Player Points,BetOnline,11.5,-126.0,-102.0
2025-03-22,Emanuel Sharp,Houston,Player Points,FanDuel,13.5,100.0,
2025-03-22,Emanuel Sharp,Houston,Player Points,Fliff,11.5,-140.0,-115.0
2025-03-22,Emanuel Sharp,Houston,Player Rebounds,BetOnline,3.5,-108.0,-119.0
2025-03-22,Emanuel Sharp,Houston,Player Rebounds,Fliff,3.5,-115.0,-135.0
2025-03-22,Graham Ike,Gonzaga,Player Assists,BetOnline,1.5,152.0,-200.0
2025-03-22,Graham Ike,Gonzaga,Player Assists,Fliff,1.5,145.0,-230.0
2025-03-22,Graham Ike,Gonzaga,Player Points,BetOnline,15.5,-116.0,-111.0
2025-03-22,Graham Ike,Gonzaga,Player Points,Fliff,15.5,-130.0,-120.0
2025-03-22,Graham Ike,Gonzaga,Player Rebounds,BetOnline,7.5,-105.0,-123.0
2025-03-22,Graham Ike,Gonzaga,Player Rebounds,FanDuel,7.5,-118.0,-108.0
2025-03-22,Graham Ike,Gonzaga,Player Rebounds,Fliff,7.5,-105.0,-150.0
2025-03-22,J'Wan Roberts,Houston,Player Points,BetOnline,9.5,-117.0,-109.0
2025-03-22,J'Wan Roberts,Houston,Player Points,FanDuel,9.5,-110.0,-118.0
2025-03-22,J'Wan Roberts,Houston,Player Points,Fliff,9.5,-135.0,-115.0
2025-03-22,J'Wan Roberts,Houston,Player Rebounds,BetOnline,6.5,106.0,-136.0
2025-03-22,J'Wan Roberts,Houston,Player Rebounds,FanDuel,6.5,-108.0,-122.0
2025-03-22,J'Wan Roberts,Houston,Player Rebounds,Fliff,5.5,-150.0,-105.0
2025-03-22,Khalif Battle,Gonzaga,Player Assists,BetOnline,1.5,152.0,-200.0
2025-03-22,Khalif Battle,Gonzaga,Player Assists,Fliff,1.5,140.0,-220.0
2025-03-22,Khalif Battle,Gonzaga,Player Points,BetOnline,12.5,-116.0,-111.0
2025-03-22,Khalif Battle,Gonzaga,Player Points,Fliff,12.5,-125.0,-125.0
2025-03-22,Khalif Battle,Gonzaga,Player Rebounds,BetOnline,4.5,127.0,-166.0
2025-03-22,Khalif Battle,Gonzaga,Player Rebounds,FanDuel,4.5,126.0,-168.0
2025-03-22,Khalif Battle,Gonzaga,Player Rebounds,Fliff,3.5,-160.0,105.0
2025-03-22,L.J. Cryer,Houston,Player Assists,BetOnline,1.5,-116.0,-111.0
2025-03-22,L.J. Cryer,Houston,Player Assists,Fliff,1.5,-125.0,-120.0
2025-03-22,L.J. Cryer,Houston,Player Points,BetOnline,15.5,-119.0,-108.0
2025-03-22,L.J. Cryer,Houston,Player Points,FanDuel,14.5,-106.0,-118.0
2025-03-22,L.J. Cryer,Houston,Player Points,Fliff,15.5,-130.0,-120.0
2025-03-22,L.J. Cryer,Houston,Player Rebounds,BetOnline,2.5,-119.0,-108.0
2025-03-22,L.J. Cryer,Houston,Player Rebounds,Fliff,2.5,-125.0,-125.0
2025-03-22,Milos Uzan,Houston,Player Assists,BetOnline,3.5,-156.0,120.0
2025-03-22,Milos Uzan,Houston,Player Assists,FanDuel,3.5,-152.0,120.0
2025-03-22,Milos Uzan,Houston,Player Assists,Fliff,3.5,-170.0,110.0
2025-03-22,Milos Uzan,Houston,Player Points,BetOnline,14.5,102.0,-133.0
2025-03-22,Milos Uzan,Houston,Player Points,FanDuel,14.5,106.0,-132.0
2025-03-22,Milos Uzan,Houston,Player Points,Fliff,13.5,-130.0,-120.0
2025-03-22,Milos Uzan,Houston,Player Rebounds,BetOnline,2.5,-135.0,104.0
2025-03-22,Milos Uzan,Houston,Player Rebounds,Fliff,2.5,-145.0,-105.0
2025-03-22,Nolan Hickman,Gonzaga,Player Assists,BetOnline,1.5,-135.0,104.0
2025-03-22,Nolan Hickman,Gonzaga,Player Assists,Fliff,1.5,-145.0,-105.0
2025-03-22,Nolan Hickman,Gonzaga,Player Points,BetOnline,9.5,-108.0,-119.0
2025-03-22,Nolan Hickman,Gonzaga,Player Points,FanDuel,9.5,-102.0,-125.0
2025-03-22,Nolan Hickman,Gonzaga,Player Points,Fliff,9.5,-120.0,-130.0
2025-03-22,Nolan Hickman,Gonzaga,Player Rebounds,BetOnline,1.5,-185.0,140.0
2025-03-22,Nolan Hickman,Gonzaga,Player Rebounds,Fliff,1.5,-190.0,120.0
2025-03-22,Ryan Nembhard,Gonzaga,Player Assists,BetOnline,8.5,100.0,-129.0
2025-03-22,Ryan Nembhard,Gonzaga,Player Assists,FanDuel,8.5,102.0,-136.0
2025-03-22,Ryan Nembhard,Gonzaga,Player Assists,Fliff,8.5,100.0,-160.0
2025-03-22,Ryan Nembhard,Gonzaga,Player Points,BetOnline,8.5,-108.0,-119.0
2025-03-22,Ryan Nembhard,Gonzaga,Player Points,FanDuel,9.5,100.0,
2025-03-22,Ryan Nembhard,Gonzaga,Player Points,Fliff,8.5,-110.0,-140.0
2025-03-22,Ryan Nembhard,Gonzaga,Player Rebounds,BetOnline,2.5,-113.0,-113.0
2025-03-22,Ryan Nembhard,Gonzaga,Player Rebounds,Fliff,2.5,-125.0,-125.0
2025-03-21,Ben Gold,Marquette,Player Points,BetOnline,7.5,-101.0,-128.0
2025-03-21,Ben Gold,Marquette,Player Points,FanDuel,7.5,100.0,-135.0
2025-03-21,Ben Gold,Marquette,Player Points,Fliff,7.5,-115.0,-140.0
2025-03-21,Ben Gold,Marquette,Player Rebounds,BetOnline,4.5,-101.0,-128.0
2025-03-21,Ben Gold,Marquette,Player Rebounds,FanDuel,4.5,-102.0,-138.0
2025-03-21,Ben Gold,Marquette,Player Rebounds,Fliff,4.5,-110.0,-140.0
2025-03-21,Chase Ross,Marquette,Player Assists,BetOnline,2.5,-105.0,-123.0
2025-03-21,Chase Ross,Marquette,Player Assists,Fliff,2.5,-115.0,-135.0
2025-03-21,Chase Ross,Marquette,Player Points,BetOnline,11.5,-113.0,-113.0
2025-03-21,Chase Ross,Marquette,Player Points,Fliff,11.5,-130.0,-120.0
2025-03-21,Chase Ross,Marquette,Player Rebounds,BetOnline,4.5,124.0,-161.0
2025-03-21,Chase Ross,Marquette,Player Rebounds,FanDuel,4.5,114.0,-160.0
2025-03-21,Chase Ross,Marquette,Player Rebounds,Fliff,4.5,120.0,-195.0
2025-03-21,David Joplin,Marquette,Player Assists,BetOnline,1.5,-106.0,-121.0
2025-03-21,David Joplin,Marquette,Player Assists,Fliff,1.5,-115.0,-135.0
2025-03-21,David Joplin,Marquette,Player Points,BetOnline,14.5,-106.0,-121.0
2025-03-21,David Joplin,Marquette,Player Points,FanDuel,13.5,-125.0,-105.0
2025-03-21,David Joplin,Marquette,Player Points,Fliff,14.5,-115.0,-135.0
2025-03-21,David Joplin,Marquette,Player Rebounds,BetOnline,5.5,-147.0,114.0
2025-03-21,David Joplin,Marquette,Player Rebounds,FanDuel,5.5,-152.0,108.0
2025-03-21,David Joplin,Marquette,Player Rebounds,Fliff,5.5,-165.0,105.0
2025-03-21,Donovan Dent,New Mexico,Player Assists,BetOnline,6.5,-108.0,-119.0
2025-03-21,Donovan Dent,New Mexico,Player Assists,FanDuel,6.5,-116.0,-122.0
2025-03-21,Donovan Dent,New Mexico,Player Assists,Fliff,6.5,-125.0,-125.0
2025-03-21,Donovan Dent,New Mexico,Player Points,BetOnline,21.5,-113.0,-113.0
2025-03-21,Donovan Dent,New Mexico,Player Points,FanDuel,20.5,-130.0,100.0
2025-03-21,Donovan Dent,New Mexico,Player Points,Fliff,21.5,-120.0,-130.0
2025-03-21,Donovan Dent,New Mexico,Player Rebounds,BetOnline,2.5,110.0,-142.0
2025-03-21,Donovan Dent,New Mexico,Player Rebounds,Fliff,2.5,-125.0,-125.0
2025-03-21,Kam Jones,Marquette,Player Assists,BetOnline,6.5,-107.0,-120.0
2025-03-21,Kam Jones,Marquette,Player Assists,FanDuel,6.5,-118.0,-118.0
2025-03-21,Kam Jones,Marquette,Player Assists,Fliff,6.5,-130.0,-120.0
2025-03-21,Kam Jones,Marquette,Player Points,BetOnline,20.5,-116.0,-111.0
2025-03-21,Kam Jones,Marquette,Player Points,FanDuel,20.5,-105.0,-125.0
2025-03-21,Kam Jones,Marquette,Player Points,Fliff,20.5,-135.0,-115.0
2025-03-21,Kam Jones,Marquette,Player Rebounds,BetOnline,5.5,114.0,-149.0
2025-03-21,Kam Jones,Marquette,Player Rebounds,FanDuel,4.5,-138.0,-102.0
2025-03-21,Kam Jones,Marquette,Player Rebounds,Fliff,5.5,110.0,-170.0
2025-03-21,Mustapha Amzil,New Mexico,Player Points,BetOnline,9.5,-117.0,-109.0
2025-03-21,Mustapha Amzil,New Mexico,Player Points,FanDuel,9.5,-112.0,-115.0
2025-03-21,Mustapha Amzil,New Mexico,Player Points,Fliff,9.5,-110.0,-140.0
2025-03-21,Mustapha Amzil,New Mexico,Player Rebounds,BetOnline,5.5,-129.0,100.0
2025-03-21,Mustapha Amzil,New Mexico,Player Rebounds,FanDuel,5.5,-118.0,-118.0
2025-03-21,Mustapha Amzil,New Mexico,Player Rebounds,Fliff,5.5,-160.0,100.0
2025-03-21,Nelly Junior Joseph,New Mexico,Player Assists,BetOnline,1.5,144.0,-188.0
2025-03-21,Nelly Junior Joseph,New Mexico,Player Assists,Fliff,1.5,135.0,-210.0
2025-03-21,Nelly Junior Joseph,New Mexico,Player Points,BetOnline,14.5,-117.0,-109.0
2025-03-21,Nelly Junior Joseph,New Mexico,Player Points,FanDuel,14.5,-104.0,-125.0
2025-03-21,Nelly Junior Joseph,New Mexico,Player Points,Fliff,14.5,-110.0,-145.0
2025-03-21,Nelly Junior Joseph,New Mexico,Player Rebounds,BetOnline,12.5,106.0,-136.0
2025-03-21,Nelly Junior Joseph,New Mexico,Player Rebounds,FanDuel,12.5,-106.0,-132.0
2025-03-21,Nelly Junior Joseph,New Mexico,Player Rebounds,Fliff,11.5,-150.0,-105.0
2025-03-21,Stevie Mitchell,Marquette,Player Assists,BetOnline,1.5,-185.0,140.0
2025-03-21,Stevie Mitchell,Marquette,Player Assists,Fliff,1.5,-195.0,125.0
2025-03-21,Stevie Mitchell,Marquette,Player Points,BetOnline,11.5,-109.0,-117.0
2025-03-21,Stevie Mitchell,Marquette,Player Points,FanDuel,11.5,-105.0,-125.0
2025-03-21,Stevie Mitchell,Marquette,Player Points,Fliff,11.5,-130.0,-120.0
2025-03-21,Stevie Mitchell,Marquette,Player Rebounds,BetOnline,4.5,110.0,-142.0
2025-03-21,Stevie Mitchell,Marquette,Player Rebounds,FanDuel,4.5,-102.0,-138.0
2025-03-21,Stevie Mitchell,Marquette,Player Rebounds,Fliff,4.5,105.0,-160.0
2025-03-21,Tru Washington,New Mexico,Player Points,BetOnline,11.5,-105.0,-123.0
2025-03-21,Tru Washington,New Mexico,Player Points,FanDuel,10.5,-125.0,-105.0
2025-03-21,Tru Washington,New Mexico,Player Points,Fliff,11.5,-115.0,-135.0
2025-03-21,Tru Washington,New Mexico,Player Rebounds,BetOnline,4.5,120.0,-156.0
2025-03-21,Tru Washington,New Mexico,Player Rebounds,FanDuel,4.5,114.0,-160.0
2025-03-21,Tru Washington,New Mexico,Player Rebounds,Fliff,4.5,115.0,-175.0
2025-03-21,Curtis Jones,Iowa State,Player Assists,BetOnline,2.5,139.0,-181.0
2025-03-21,Curtis Jones,Iowa State,Player Assists,Fliff,2.5,100.0,-155.0
2025-03-21,Curtis Jones,Iowa State,Player Points,BetOnline,18.5,-106.0,-121.0
2025-03-21,Curtis Jones,Iowa State,Player Points,FanDuel,17.5,-128.0,-102.0
2025-03-21,Curtis Jones,Iowa State,Player Points,Fliff,18.5,-115.0,-135.0
2025-03-21,Curtis Jones,Iowa State,Player Rebounds,BetOnline,3.5,-149.0,114.0
2025-03-21,Curtis Jones,Iowa State,Player Rebounds,Fliff,3.5,-165.0,105.0
2025-03-21,Gyasi Powell,Lipscomb,Player Assists,BetOnline,1.5,146.0,-192.0
2025-03-21,Gyasi Powell,Lipscomb,Player Assists,Fliff,1.5,135.0,-215.0
2025-03-21,Gyasi Powell,Lipscomb,Player Points,BetOnline,10.5,-114.0,-112.0
2025-03-21,Gyasi Powell,Lipscomb,Player Points,FanDuel,10.5,-118.0,-110.0
2025-03-21,Gyasi Powell,Lipscomb,Player Points,Fliff,10.5,-130.0,-120.0
2025-03-21,Gyasi Powell,Lipscomb,Player Rebounds,BetOnline,3.5,122.0,-158.0
2025-03-21,Gyasi Powell,Lipscomb,Player Rebounds,Fliff,3.5,110.0,-175.0
2025-03-21,Jacob Ognacevic,Lipscomb,Player Assists,BetOnline,1.5,161.0,-212.0
2025-03-21,Jacob Ognacevic,Lipscomb,Player Assists,Fliff,1.5,140.0,-225.0
2025-03-21,Jacob Ognacevic,Lipscomb,Player Points,BetOnline,18.5,-103.0,-125.0
2025-03-21,Jacob Ognacevic,Lipscomb,Player Points,FanDuel,17.5,-120.0,-108.0
2025-03-21,Jacob Ognacevic,Lipscomb,Player Points,Fliff,18.5,-120.0,-130.0
2025-03-21,Jacob Ognacevic,Lipscomb,Player Rebounds,BetOnline,7.5,104.0,-135.0
2025-03-21,Jacob Ognacevic,Lipscomb,Player Rebounds,FanDuel,7.5,102.0,-125.0
2025-03-21,Jacob Ognacevic,Lipscomb,Player Rebounds,Fliff,7.5,100.0,-155.0
2025-03-21,Joe Anderson,Lipscomb,Player Assists,BetOnline,3.5,-117.0,-109.0
2025-03-21,Joe Anderson,Lipscomb,Player Assists,FanDuel,3.5,-110.0,-115.0
2025-03-21,Joe Anderson,Lipscomb,Player Assists,Fliff,3.5,-135.0,-115.0
2025-03-21,Joe Anderson,Lipscomb,Player Points,BetOnline,12.5,-113.0,-113.0
2025-03-21,Joe Anderson,Lipscomb,Player Points,FanDuel,12.5,-108.0,-120.0
2025-03-21,Joe Anderson,Lipscomb,Player Points,Fliff,12.5,-135.0,-115.0
2025-03-21,Joe Anderson,Lipscomb,Player Rebounds,BetOnline,2.5,-147.0,112.0
2025-03-21,Joe Anderson,Lipscomb,Player Rebounds,Fliff,2.5,-160.0,105.0
2025-03-21,Joshua Jefferson,Iowa State,Player Assists,BetOnline,3.5,127.0,-166.0
2025-03-21,Joshua Jefferson,Iowa State,Player Assists,Fliff,3.5,-110.0,-140.0
2025-03-21,Joshua Jefferson,Iowa State,Player Points,BetOnline,14.5,-105.0,-123.0
2025-03-21,Joshua Jefferson,Iowa State,Player Points,FanDuel,14.5,106.0,-132.0
2025-03-21,Joshua Jefferson,Iowa State,Player Points,Fliff,14.5,-120.0,-130.0
2025-03-21,Joshua Jefferson,Iowa State,Player Rebounds,BetOnline,6.5,-107.0,-120.0
2025-03-21,Joshua Jefferson,Iowa State,Player Rebounds,FanDuel,6.5,100.0,-130.0
2025-03-21,Joshua Jefferson,Iowa State,Player Rebounds,Fliff,6.5,100.0,-155.0
2025-03-21,Milan Momcilovic,Iowa State,Player Points,BetOnline,13.5,-112.0,-114.0
2025-03-21,Milan Momcilovic,Iowa State,Player Points,Fliff,13.5,-130.0,-120.0
2025-03-21,Milan Momcilovic,Iowa State,Player Rebounds,BetOnline,3.5,108.0,-140.0
2025-03-21,Milan Momcilovic,Iowa State,Player Rebounds,Fliff,3.5,100.0,-155.0
2025-03-21,Tamin Lipsey,Iowa State,Player Points,BetOnline,11.5,100.0,-129.0
2025-03-21,Tamin Lipsey,Iowa State,Player Points,FanDuel,11.5,-114.0,-114.0
2025-03-21,Tamin Lipsey,Iowa State,Player Points,Fliff,11.5,-110.0,-140.0
2025-03-21,Will Pruitt,Lipscomb,Player Assists,BetOnline,2.5,100.0,-129.0
2025-03-21,Will Pruitt,Lipscomb,Player Assists,Fliff,2.5,-110.0,-145.0
2025-03-21,Will Pruitt,Lipscomb,Player Points,BetOnline,12.5,-106.0,-121.0
2025-03-21,Will Pruitt,Lipscomb,Player Points,FanDuel,12.5,-118.0,-110.0
2025-03-21,Will Pruitt,Lipscomb,Player Points,Fliff,11.5,-140.0,-110.0
2025-03-21,Will Pruitt,Lipscomb,Player Rebounds,BetOnline,5.5,-116.0,-111.0
2025-03-21,Will Pruitt,Lipscomb,Player Rebounds,FanDuel,5.5,-130.0,100.0
2025-03-21,Will Pruitt,Lipscomb,Player Rebounds,Fliff,5.5,-120.0,-130.0
2025-03-21,Colby Rogers,Memphis,Player Assists,BetOnline,0.5,-250.0,185.0
2025-03-21,Colby Rogers,Memphis,Player Assists,Fliff,0.5,-275.0,170.0
2025-03-21,Colby Rogers,Memphis,Player Points,BetOnline,9.5,-123.0,-104.0
2025-03-21,Colby Rogers,Memphis,Player Points,FanDuel,10.5,-108.0,-120.0
2025-03-21,Colby Rogers,Memphis,Player Points,Fliff,9.5,-120.0,-130.0
2025-03-21,Colby Rogers,Memphis,Player Rebounds,BetOnline,1.5,-156.0,120.0
2025-03-21,Colby Rogers,Memphis,Player Rebounds,Fliff,1.5,-170.0,105.0
2025-03-21,Dain Dainja,Memphis,Player Assists,BetOnline,1.5,-129.0,100.0
2025-03-21,Dain Dainja,Memphis,Player Assists,Fliff,1.5,-145.0,-110.0
2025-03-21,Dain Dainja,Memphis,Player Points,BetOnline,18.5,-103.0,-125.0
2025-03-21,Dain Dainja,Memphis,Player Points,FanDuel,17.5,-118.0,
2025-03-21,Dain Dainja,Memphis,Player Points,Fliff,19.5,-115.0,-140.0
2025-03-21,Dain Dainja,Memphis,Player Rebounds,BetOnline,8.5,104.0,-135.0
2025-03-21,Dain Dainja,Memphis,Player Rebounds,FanDuel,8.5,110.0,-145.0
2025-03-21,Dain Dainja,Memphis,Player Rebounds,Fliff,8.5,-105.0,-150.0
2025-03-21,Jalen Lake,Colorado State,Player Assists,BetOnline,1.5,-144.0,112.0
2025-03-21,Jalen Lake,Colorado State,Player Assists,Fliff,1.5,-160.0,100.0
2025-03-21,Jalen Lake,Colorado State,Player Points,BetOnline,9.5,-113.0,-113.0
2025-03-21,Jalen Lake,Colorado State,Player Points,FanDuel,9.5,-104.0,-125.0
2025-03-21,Jalen Lake,Colorado State,Player Points,Fliff,9.5,-130.0,-120.0
2025-03-21,Jalen Lake,Colorado State,Player Rebounds,BetOnline,2.5,-128.0,-101.0
2025-03-21,Jalen Lake,Colorado State,Player Rebounds,Fliff,2.5,-140.0,-110.0
2025-03-21,Jaylen Crocker-Johnson,Colorado State,Player Points,BetOnline,9.5,-103.0,-125.0
2025-03-21,Jaylen Crocker-Johnson,Colorado State,Player Points,Fliff,9.5,-115.0,-135.0
2025-03-21,Kyan Evans,Colorado State,Player Assists,BetOnline,3.5,112.0,-147.0
2025-03-21,Kyan Evans,Colorado State,Player Assists,Fliff,3.5,105.0,-160.0
2025-03-21,Kyan Evans,Colorado State,Player Points,BetOnline,13.5,-105.0,-123.0
2025-03-21,Kyan Evans,Colorado State,Player Points,Fliff,13.5,-125.0,-125.0
2025-03-21,Nique Clifford,Colorado State,Player Assists,BetOnline,4.5,-126.0,-102.0
2025-03-21,Nique Clifford,Colorado State,Player Assists,FanDuel,4.5,-125.0,-105.0
2025-03-21,Nique Clifford,Colorado State,Player Assists,Fliff,4.5,-140.0,-110.0
2025-03-21,Nique Clifford,Colorado State,Player Points,BetOnline,20.5,-113.0,-113.0
2025-03-21,Nique Clifford,Colorado State,Player Points,FanDuel,20.5,-115.0,-113.0
2025-03-21,Nique Clifford,Colorado State,Player Points,Fliff,20.5,-125.0,-125.0
2025-03-21,Nique Clifford,Colorado State,Player Rebounds,BetOnline,9.5,108.0,-140.0
2025-03-21,Nique Clifford,Colorado State,Player Rebounds,FanDuel,8.5,-140.0,105.0
2025-03-21,Nique Clifford,Colorado State,Player Rebounds,Fliff,9.5,105.0,-165.0
2025-03-21,PJ Haggerty,Memphis,Player Assists,BetOnline,4.5,118.0,-153.0
2025-03-21,PJ Haggerty,Memphis,Player Assists,FanDuel,4.5,100.0,-130.0
2025-03-21,PJ Haggerty,Memphis,Player Assists,Fliff,3.5,-170.0,110.0
2025-03-21,PJ Haggerty,Memphis,Player Points,BetOnline,22.5,102.0,-133.0
2025-03-21,PJ Haggerty,Memphis,Player Points,FanDuel,21.5,100.0,-130.0
2025-03-21,PJ Haggerty,Memphis,Player Points,Fliff,21.5,-110.0,-140.0
2025-03-21,PJ Haggerty,Memphis,Player Rebounds,BetOnline,5.5,-126.0,-102.0
2025-03-21,PJ Haggerty,Memphis,Player Rebounds,FanDuel,5.5,-130.0,100.0
2025-03-21,PJ Haggerty,Memphis,Player Rebounds,Fliff,5.5,-135.0,-115.0
2025-03-21,Cameron Matthews,Mississippi State,Player Assists,BetOnline,3.5,-113.0,-113.0
2025-03-21,Cameron Matthews,Mississippi State,Player Assists,Fliff,3.5,-125.0,-125.0
2025-03-21,Cameron Matthews,Mississippi State,Player Points,BetOnline,6.5,102.0,-131.0
2025-03-21,Cameron Matthews,Mississippi State,Player Points,Fliff,6.5,-105.0,-150.0
2025-03-21,Cameron Matthews,Mississippi State,Player Rebounds,BetOnline,5.5,-147.0,112.0
2025-03-21,Cameron Matthews,Mississippi State,Player Rebounds,Fliff,5.5,-160.0,100.0
2025-03-21,Jeremy Roach,Baylor,Player Points,BetOnline,9.5,106.0,-133.0
2025-03-21,Jeremy Roach,Baylor,Player Points,FanDuel,9.5,102.0,-132.0
2025-03-21,Jeremy Roach,Baylor,Player Points,Fliff,8.5,-140.0,-115.0
2025-03-21,Josh Hubbard,Mississippi State,Player Assists,BetOnline,3.5,-106.0,-121.0
2025-03-21,Josh Hubbard,Mississippi State,Player Assists,Fliff,3.5,-115.0,-135.0
2025-03-21,Josh Hubbard,Mississippi State,Player Points,BetOnline,20.5,-105.0,-123.0
2025-03-21,Josh Hubbard,Mississippi State,Player Points,FanDuel,19.5,-112.0,-114.0
2025-03-21,Josh Hubbard,Mississippi State,Player Points,Fliff,20.5,-115.0,-135.0
2025-03-21,Josh Hubbard,Mississippi State,Player Rebounds,BetOnline,2.5,144.0,-188.0
2025-03-21,Josh Hubbard,Mississippi State,Player Rebounds,Fliff,2.5,135.0,-215.0
2025-03-21,KeShawn Murphy,Mississippi State,Player Assists,BetOnline,1.5,136.0,-178.0
2025-03-21,KeShawn Murphy,Mississippi State,Player Assists,Fliff,1.5,125.0,-200.0
2025-03-21,KeShawn Murphy,Mississippi State,Player Points,BetOnline,12.5,-123.0,-105.0
2025-03-21,KeShawn Murphy,Mississippi State,Player Points,FanDuel,11.5,-122.0,
2025-03-21,KeShawn Murphy,Mississippi State,Player Points,Fliff,12.5,-140.0,-110.0
2025-03-21,KeShawn Murphy,Mississippi State,Player Rebounds,BetOnline,6.5,-123.0,-104.0
2025-03-21,KeShawn Murphy,Mississippi State,Player Rebounds,FanDuel,6.5,-130.0,100.0
2025-03-21,KeShawn Murphy,Mississippi State,Player Rebounds,Fliff,6.5,-140.0,-110.0
2025-03-21,Norchad Omier,Baylor,Player Assists,BetOnline,1.5,100.0,-129.0
2025-03-21,Norchad Omier,Baylor,Player Assists,Fliff,1.5,-110.0,-145.0
2025-03-21,Norchad Omier,Baylor,Player Points,BetOnline,15.5,-105.0,-123.0
2025-03-21,Norchad Omier,Baylor,Player Points,FanDuel,15.5,100.0,-130.0
2025-03-21,Norchad Omier,Baylor,Player Points,Fliff,15.5,-110.0,-140.0
2025-03-21,Norchad Omier,Baylor,Player Rebounds,BetOnline,11.5,-125.0,-103.0
2025-03-21,Norchad Omier,Baylor,Player Rebounds,FanDuel,11.5,-116.0,-110.0
2025-03-21,Norchad Omier,Baylor,Player Rebounds,Fliff,11.5,-125.0,-125.0
2025-03-21,Riley Kugel,Mississippi State,Player Assists,BetOnline,1.5,-166.0,127.0
2025-03-21,Riley Kugel,Mississippi State,Player Assists,Fliff,1.5,-175.0,115.0
2025-03-21,Riley Kugel,Mississippi State,Player Points,BetOnline,8.5,-117.0,-109.0
2025-03-21,Riley Kugel,Mississippi State,Player Points,FanDuel,8.5,-118.0,-110.0
2025-03-21,Riley Kugel,Mississippi State,Player Points,Fliff,8.5,-135.0,-115.0
2025-03-21,Riley Kugel,Mississippi State,Player Rebounds,BetOnline,3.5,127.0,-166.0
2025-03-21,Riley Kugel,Mississippi State,Player Rebounds,Fliff,3.5,120.0,-185.0
2025-03-21,RJ Melendez,Mississippi State,Player Assists,Fliff,0.5,-185.0,120.0
2025-03-21,RJ Melendez,Mississippi State,Player Points,BetOnline,8.5,-106.0,-121.0
2025-03-21,RJ Melendez,Mississippi State,Player Points,FanDuel,8.5,100.0,-130.0
2025-03-21,RJ Melendez,Mississippi State,Player Points,Fliff,8.5,-115.0,-135.0
2025-03-21,RJ Melendez,Mississippi State,Player Rebounds,BetOnline,4.5,-126.0,-102.0
2025-03-21,RJ Melendez,Mississippi State,Player Rebounds,FanDuel,4.5,-115.0,-115.0
2025-03-21,RJ Melendez,Mississippi State,Player Rebounds,Fliff,4.5,-145.0,-105.0
2025-03-21,Robert O. Wright III,Baylor,Player Assists,BetOnline,3.5,114.0,-149.0
2025-03-21,Robert O. Wright III,Baylor,Player Assists,FanDuel,3.5,134.0,-170.0
2025-03-21,Robert O. Wright III,Baylor,Player Points,BetOnline,9.5,-113.0,-113.0
2025-03-21,Robert O. Wright III,Baylor,Player Points,Fliff,9.5,-155.0,100.0
2025-03-21,Robert O. Wright III,Baylor,Player Rebounds,BetOnline,1.5,-204.0,154.0
2025-03-21,Robert O. Wright III,Baylor,Player Rebounds,Fliff,1.5,-215.0,135.0
2025-03-21,VJ Edgecombe,Baylor,Player Assists,BetOnline,3.5,125.0,-163.0
2025-03-21,VJ Edgecombe,Baylor,Player Assists,Fliff,3.5,115.0,-180.0
2025-03-21,VJ Edgecombe,Baylor,Player Points,BetOnline,16.5,-133.0,102.0
2025-03-21,VJ Edgecombe,Baylor,Player Points,FanDuel,16.5,-114.0,-114.0
2025-03-21,VJ Edgecombe,Baylor,Player Points,Fliff,16.5,-140.0,-110.0
2025-03-21,VJ Edgecombe,Baylor,Player Rebounds,BetOnline,6.5,125.0,
2025-03-21,VJ Edgecombe,Baylor,Player Rebounds,FanDuel,5.5,-135.0,100.0
2025-03-21,VJ Edgecombe,Baylor,Player Rebounds,Fliff,6.5,-105.0,-145.0
2025-03-21,Alex Karaban,Connecticut,Player Assists,BetOnline,2.5,104.0,-135.0
2025-03-21,Alex Karaban,Connecticut,Player Assists,Fliff,2.5,-105.0,-150.0
2025-03-21,Alex Karaban,Connecticut,Player Points,BetOnline,14.5,-109.0,-117.0
2025-03-21,Alex Karaban,Connecticut,Player Points,FanDuel,14.5,-104.0,-120.0
2025-03-21,Alex Karaban,Connecticut,Player Points,Fliff,14.5,-120.0,-130.0
2025-03-21,Alex Karaban,Connecticut,Player Rebounds,BetOnline,6.5,106.0,-136.0
2025-03-21,Alex Karaban,Connecticut,Player Rebounds,FanDuel,5.5,-156.0,110.0
2025-03-21,Alex Karaban,Connecticut,Player Rebounds,Fliff,6.5,-105.0,-150.0
2025-03-21,Brycen Goodine,Oklahoma,Player Points,BetOnline,7.5,-116.0,-111.0
2025-03-21,Brycen Goodine,Oklahoma,Player Points,Fliff,7.5,-130.0,-120.0
2025-03-21,Brycen Goodine,Oklahoma,Player Rebounds,BetOnline,2.5,112.0,-144.0
2025-03-21,Brycen Goodine,Oklahoma,Player Rebounds,Fliff,2.5,105.0,-160.0
2025-03-21,Hassan Diarra,Connecticut,Player Assists,BetOnline,5.5,104.0,-135.0
2025-03-21,Hassan Diarra,Connecticut,Player Assists,FanDuel,5.5,102.0,-128.0
2025-03-21,Hassan Diarra,Connecticut,Player Assists,Fliff,5.5,100.0,-155.0
2025-03-21,Hassan Diarra,Connecticut,Player Points,BetOnline,7.5,106.0,-138.0
2025-03-21,Hassan Diarra,Connecticut,Player Points,FanDuel,7.5,100.0,-135.0
2025-03-21,Hassan Diarra,Connecticut,Player Points,Fliff,6.5,-160.0,100.0
2025-03-21,Hassan Diarra,Connecticut,Player Rebounds,BetOnline,4.5,102.0,-131.0
2025-03-21,Hassan Diarra,Connecticut,Player Rebounds,Fliff,4.5,-105.0,-145.0
2025-03-21,Jalon Moore,Oklahoma,Player Points,BetOnline,12.5,-125.0,-103.0
2025-03-21,Jalon Moore,Oklahoma,Player Points,FanDuel,13.5,100.0,-130.0
2025-03-21,Jalon Moore,Oklahoma,Player Points,Fliff,12.5,-140.0,-110.0
2025-03-21,Jalon Moore,Oklahoma,Player Rebounds,BetOnline,5.5,-102.0,-126.0
2025-03-21,Jalon Moore,Oklahoma,Player Rebounds,FanDuel,5.5,-118.0,-118.0
2025-03-21,Jalon Moore,Oklahoma,Player Rebounds,Fliff,5.5,-105.0,-145.0
2025-03-21,Jeremiah Fears,Oklahoma,Player Assists,BetOnline,3.5,-123.0,-105.0
2025-03-21,Jeremiah Fears,Oklahoma,Player Assists,FanDuel,3.5,-128.0,-108.0
2025-03-21,Jeremiah Fears,Oklahoma,Player Assists,Fliff,3.5,-140.0,-110.0
2025-03-21,Jeremiah Fears,Oklahoma,Player Points,BetOnline,19.5,-113.0,-113.0
2025-03-21,Jeremiah Fears,Oklahoma,Player Points,FanDuel,19.5,-110.0,-115.0
2025-03-21,Jeremiah Fears,Oklahoma,Player Points,Fliff,19.5,-135.0,-115.0
2025-03-21,Jeremiah Fears,Oklahoma,Player Rebounds,BetOnline,4.5,112.0,-147.0
2025-03-21,Jeremiah Fears,Oklahoma,Player Rebounds,FanDuel,4.5,102.0,-142.0
2025-03-21,Jeremiah Fears,Oklahoma,Player Rebounds,Fliff,4.5,105.0,-170.0
2025-03-21,Kobe Elvis,Oklahoma,Player Assists,BetOnline,1.5,-129.0,100.0
2025-03-21,Kobe Elvis,Oklahoma,Player Assists,Fliff,1.5,-145.0,-105.0
2025-03-21,Kobe Elvis,Oklahoma,Player Points,BetOnline,7.5,-117.0,-109.0
2025-03-21,Kobe Elvis,Oklahoma,Player Points,FanDuel,7.5,-125.0,-105.0
2025-03-21,Kobe Elvis,Oklahoma,Player Points,Fliff,7.5,-130.0,-120.0
2025-03-21,Kobe Elvis,Oklahoma,Player Rebounds,BetOnline,1.5,-172.0,131.0
2025-03-21,Kobe Elvis,Oklahoma,Player Rebounds,Fliff,1.5,-180.0,115.0
2025-03-21,Liam McNeeley,Connecticut,Player Assists,BetOnline,1.5,-196.0,148.0
2025-03-21,Liam McNeeley,Connecticut,Player Assists,Fliff,1.5,-205.0,130.0
2025-03-21,Liam McNeeley,Connecticut,Player Points,BetOnline,15.5,-107.0,-120.0
2025-03-21,Liam McNeeley,Connecticut,Player Points,FanDuel,15.5,-130.0,100.0
2025-03-21,Liam McNeeley,Connecticut,Player Points,Fliff,16.5,-115.0,-135.0
2025-03-21,Liam McNeeley,Connecticut,Player Rebounds,BetOnline,5.5,104.0,-135.0
2025-03-21,Liam McNeeley,Connecticut,Player Rebounds,FanDuel,5.5,112.0,-156.0
2025-03-21,Liam McNeeley,Connecticut,Player Rebounds,Fliff,5.5,100.0,-155.0
2025-03-21,Samson Johnson,Connecticut,Player Assists,Fliff,0.5,-185.0,115.0
2025-03-21,Samson Johnson,Connecticut,Player Points,BetOnline,7.5,-113.0,-113.0
2025-03-21,Samson Johnson,Connecticut,Player Points,FanDuel,7.5,-110.0,-120.0
2025-03-21,Samson Johnson,Connecticut,Player Points,Fliff,7.5,-130.0,-120.0
2025-03-21,Solo Ball,Connecticut,Player Assists,BetOnline,1.5,-135.0,104.0
2025-03-21,Solo Ball,Connecticut,Player Assists,Fliff,1.5,-150.0,-105.0
2025-03-21,Solo Ball,Connecticut,Player Points,BetOnline,15.5,-109.0,-117.0
2025-03-21,Solo Ball,Connecticut,Player Points,FanDuel,14.5,-130.0,100.0
2025-03-21,Solo Ball,Connecticut,Player Points,Fliff,15.5,-120.0,-130.0
2025-03-21,Solo Ball,Connecticut,Player Rebounds,BetOnline,4.5,127.0,-166.0
2025-03-21,Solo Ball,Connecticut,Player Rebounds,Fliff,4.5,120.0,-185.0
2025-03-21,Amari Williams,Kentucky,Player Points,BetOnline,12.5,-113.0,-113.0
2025-03-21,Amari Williams,Kentucky,Player Points,FanDuel,12.5,-115.0,-115.0
2025-03-21,Amari Williams,Kentucky,Player Rebounds,BetOnline,8.5,-107.0,-120.0
2025-03-21,Amari Williams,Kentucky,Player Rebounds,FanDuel,8.5,-112.0,-122.0
2025-03-21,Andrew Carr,Kentucky,Player Points,BetOnline,10.5,-123.0,-105.0
2025-03-21,Andrew Carr,Kentucky,Player Points,FanDuel,10.5,-125.0,-105.0
2025-03-21,Andrew Carr,Kentucky,Player Rebounds,BetOnline,5.5,106.0,-138.0
2025-03-21,Andrew Carr,Kentucky,Player Rebounds,FanDuel,5.5,115.0,-156.0
2025-03-21,Jackson Fields,Troy,Player Points,BetOnline,7.5,100.0,-129.0
2025-03-21,Jackson Fields,Troy,Player Rebounds,BetOnline,4.5,-102.0,-126.0
2025-03-21,Koby Brea,Kentucky,Player Points,BetOnline,12.5,-101.0,-128.0
2025-03-21,Koby Brea,Kentucky,Player Points,FanDuel,11.5,-125.0,-105.0
2025-03-21,Koby Brea,Kentucky,Player Rebounds,BetOnline,3.5,112.0,-144.0
2025-03-21,Lamont Butler,Kentucky,Player Points,BetOnline,9.5,-101.0,-128.0
2025-03-21,Lamont Butler,Kentucky,Player Points,FanDuel,9.5,102.0,-130.0
2025-03-21,Marcus Rigsby Jr.,Troy,Player Assists,BetOnline,1.5,-120.0,-107.0
2025-03-21,Marcus Rigsby Jr.,Troy,Player Points,BetOnline,7.5,-102.0,-126.0
2025-03-21,Marcus Rigsby Jr.,Troy,Player Rebounds,BetOnline,2.5,-142.0,110.0
2025-03-21,Myles Rigsby,Troy,Player Assists,BetOnline,1.5,112.0,-147.0
2025-03-21,Myles Rigsby,Troy,Player Points,BetOnline,13.5,100.0,-129.0
2025-03-21,Myles Rigsby,Troy,Player Points,FanDuel,13.5,-105.0,-125.0
2025-03-21,Myles Rigsby,Troy,Player Rebounds,BetOnline,3.5,-149.0,114.0
2025-03-21,Otega Oweh,Kentucky,Player Points,BetOnline,18.5,-107.0,-120.0
2025-03-21,Otega Oweh,Kentucky,Player Points,FanDuel,17.5,-105.0,-125.0
2025-03-21,Otega Oweh,Kentucky,Player Rebounds,BetOnline,5.5,117.0,-151.0
2025-03-21,Otega Oweh,Kentucky,Player Rebounds,FanDuel,5.5,112.0,-156.0
2025-03-21,Tayton Conerway,Troy,Player Assists,BetOnline,4.5,118.0,-153.0
2025-03-21,Tayton Conerway,Troy,Player Assists,FanDuel,4.5,106.0,-148.0
2025-03-21,Tayton Conerway,Troy,Player Points,BetOnline,16.5,-103.0,-125.0
2025-03-21,Tayton Conerway,Troy,Player Points,FanDuel,16.5,100.0,-130.0
2025-03-21,Tayton Conerway,Troy,Player Rebounds,BetOnline,4.5,-144.0,112.0
2025-03-21,Tayton Conerway,Troy,Player Rebounds,FanDuel,4.5,-148.0,106.0
2025-03-21,Thomas Dowd,Troy,Player Points,BetOnline,10.5,-113.0,-113.0
2025-03-21,Thomas Dowd,Troy,Player Points,FanDuel,10.5,-115.0,-115.0
2025-03-21,Thomas Dowd,Troy,Player Rebounds,BetOnline,7.5,108.0,-140.0
2025-03-21,Thomas Dowd,Troy,Player Rebounds,FanDuel,7.5,102.0,-130.0
2025-03-21,Alex Condon,Florida,Player Assists,BetOnline,2.5,100.0,-129.0
2025-03-21,Alex Condon,Florida,Player Assists,Fliff,2.5,-110.0,-145.0
2025-03-21,Alex Condon,Florida,Player Points,BetOnline,12.5,-108.0,-119.0
2025-03-21,Alex Condon,Florida,Player Points,FanDuel,12.5,100.0,-130.0
2025-03-21,Alex Condon,Florida,Player Points,Fliff,12.5,-125.0,-120.0
2025-03-21,Alex Condon,Florida,Player Rebounds,BetOnline,8.5,118.0,-153.0
2025-03-21,Alex Condon,Florida,Player Rebounds,FanDuel,8.5,104.0,-146.0
2025-03-21,Alex Condon,Florida,Player Rebounds,Fliff,7.5,-140.0,-110.0
2025-03-21,Alijah Martin,Florida,Player Assists,BetOnline,2.5,117.0,-151.0
2025-03-21,Alijah Martin,Florida,Player Assists,Fliff,2.5,105.0,-165.0
2025-03-21,Alijah Martin,Florida,Player Points,BetOnline,14.5,-108.0,-119.0
2025-03-21,Alijah Martin,Florida,Player Points,FanDuel,14.5,-120.0,-110.0
2025-03-21,Alijah Martin,Florida,Player Points,Fliff,13.5,-135.0,-115.0
2025-03-21,Alijah Martin,Florida,Player Rebounds,BetOnline,3.5,-129.0,100.0
2025-03-21,Alijah Martin,Florida,Player Rebounds,Fliff,3.5,-150.0,-105.0
2025-03-21,Brian Moore Jr.,Norfolk State,Player Assists,BetOnline,2.5,127.0,-166.0
2025-03-21,Brian Moore Jr.,Norfolk State,Player Assists,Fliff,2.5,120.0,-185.0
2025-03-21,Brian Moore Jr.,Norfolk State,Player Points,BetOnline,14.5,-101.0,-128.0
2025-03-21,Brian Moore Jr.,Norfolk State,Player Points,Fliff,14.5,-110.0,-140.0
2025-03-21,Brian Moore Jr.,Norfolk State,Player Rebounds,BetOnline,2.5,-166.0,127.0
2025-03-21,Brian Moore Jr.,Norfolk State,Player Rebounds,Fliff,2.5,-170.0,110.0
2025-03-21,Christian Ings,Norfolk State,Player Assists,BetOnline,2.5,-105.0,-123.0
2025-03-21,Christian Ings,Norfolk State,Player Assists,Fliff,2.5,-115.0,-135.0
2025-03-21,Christian Ings,Norfolk State,Player Points,BetOnline,9.5,-129.0,100.0
2025-03-21,Christian Ings,Norfolk State,Player Points,FanDuel,10.5,-120.0,-110.0
2025-03-21,Christian Ings,Norfolk State,Player Points,Fliff,9.5,-145.0,-110.0
2025-03-21,Christian Ings,Norfolk State,Player Rebounds,BetOnline,3.5,127.0,-166.0
2025-03-21,Christian Ings,Norfolk State,Player Rebounds,Fliff,2.5,-190.0,120.0
2025-03-21,Jalen Myers,Norfolk State,Player Points,BetOnline,9.5,104.0,-135.0
2025-03-21,Jalen Myers,Norfolk State,Player Points,Fliff,8.5,-150.0,-105.0
2025-03-21,Jalen Myers,Norfolk State,Player Rebounds,BetOnline,4.5,-105.0,-123.0
2025-03-21,Jalen Myers,Norfolk State,Player Rebounds,Fliff,4.5,-110.0,-140.0
2025-03-21,Rueben Chinyelu,Florida,Player Points,BetOnline,7.5,106.0,-136.0
2025-03-21,Rueben Chinyelu,Florida,Player Points,Fliff,6.5,-145.0,-110.0
2025-03-21,Rueben Chinyelu,Florida,Player Rebounds,BetOnline,5.5,-108.0,-119.0
2025-03-21,Rueben Chinyelu,Florida,Player Rebounds,Fliff,5.5,-120.0,-130.0
2025-03-21,Thomas Haugh,Florida,Player Points,BetOnline,10.5,106.0,-136.0
2025-03-21,Thomas Haugh,Florida,Player Points,FanDuel,9.5,-124.0,100.0
2025-03-21,Thomas Haugh,Florida,Player Points,Fliff,10.5,-105.0,-150.0
2025-03-21,Thomas Haugh,Florida,Player Rebounds,BetOnline,5.5,-114.0,-112.0
2025-03-21,Thomas Haugh,Florida,Player Rebounds,FanDuel,5.5,-128.0,-108.0
2025-03-21,Thomas Haugh,Florida,Player Rebounds,Fliff,5.5,-125.0,-125.0
2025-03-21,Walter Clayton Jr.,Florida,Player Assists,BetOnline,5.5,110.0,-142.0
2025-03-21,Walter Clayton Jr.,Florida,Player Assists,FanDuel,4.5,-148.0,106.0
2025-03-21,Walter Clayton Jr.,Florida,Player Assists,Fliff,5.5,100.0,-155.0
2025-03-21,Walter Clayton Jr.,Florida,Player Points,BetOnline,17.5,-116.0,-111.0
2025-03-21,Walter Clayton Jr.,Florida,Player Points,FanDuel,17.5,-125.0,-105.0
2025-03-21,Walter Clayton Jr.,Florida,Player Points,Fliff,17.5,-130.0,-120.0
2025-03-21,Walter Clayton Jr.,Florida,Player Rebounds,BetOnline,3.5,-135.0,104.0
2025-03-21,Walter Clayton Jr.,Florida,Player Rebounds,Fliff,3.5,-150.0,-105.0
2025-03-21,Will Richard,Florida,Player Assists,BetOnline,1.5,-129.0,100.0
2025-03-21,Will Richard,Florida,Player Assists,Fliff,1.5,-145.0,-110.0
2025-03-21,Will Richard,Florida,Player Points,BetOnline,12.5,-114.0,-112.0
2025-03-21,Will Richard,Florida,Player Points,FanDuel,12.5,-125.0,-105.0
2025-03-21,Will Richard,Florida,Player Points,Fliff,12.5,-125.0,-125.0
2025-03-21,Will Richard,Florida,Player Rebounds,BetOnline,3.5,108.0,-140.0
2025-03-21,Will Richard,Florida,Player Rebounds,Fliff,3.5,100.0,-155.0
2025-03-22,Braden Smith,Purdue,Player Assists,BetOnline,7.5,-123.0,-104.0
2025-03-22,Braden Smith,Purdue,Player Points,BetOnline,17.5,-123.0,-105.0
2025-03-22,Braden Smith,Purdue,Player Rebounds,BetOnline,4.5,-149.0,114.0
2025-03-22,C.J. Cox,Purdue,Player Rebounds,BetOnline,2.5,-129.0,100.0
2025-03-22,Camden Heide,Purdue,Player Rebounds,BetOnline,4.5,118.0,-153.0
2025-03-22,Christian Shumate,McNeese,Player Points,BetOnline,10.5,-129.0,100.0
2025-03-22,Christian Shumate,McNeese,Player Rebounds,BetOnline,6.5,-113.0,-113.0
2025-03-22,Fletcher Loyer,Purdue,Player Assists,BetOnline,1.5,102.0,-133.0
2025-03-22,Fletcher Loyer,Purdue,Player Points,BetOnline,13.5,-129.0,100.0
2025-03-22,Fletcher Loyer,Purdue,Player Rebounds,BetOnline,2.5,106.0,-138.0
2025-03-22,Javohn Garcia,McNeese,Player Assists,BetOnline,1.5,-129.0,100.0
2025-03-22,Javohn Garcia,McNeese,Player Points,BetOnline,10.5,-117.0,-109.0
2025-03-22,Javohn Garcia,McNeese,Player Rebounds,BetOnline,3.5,-102.0,-126.0
2025-03-22,Joe Charles,McNeese,Player Points,BetOnline,7.5,-103.0,-125.0
2025-03-22,Joe Charles,McNeese,Player Rebounds,BetOnline,6.5,108.0,-140.0
2025-03-22,Myles Colvin,Purdue,Player Points,BetOnline,5.5,-119.0,-108.0
2025-03-22,Myles Colvin,Purdue,Player Rebounds,BetOnline,2.5,112.0,-144.0
2025-03-22,Quadir Copeland,McNeese,Player Assists,BetOnline,5.5,-135.0,104.0
2025-03-22,Quadir Copeland,McNeese,Player Points,BetOnline,10.5,-112.0,-114.0
2025-03-22,Quadir Copeland,McNeese,Player Rebounds,BetOnline,2.5,-140.0,108.0
2025-03-22,Trey Kaufman-Renn,Purdue,Player Assists,BetOnline,1.5,-142.0,110.0
2025-03-22,Trey Kaufman-Renn,Purdue,Player Points,BetOnline,20.5,-108.0,-119.0
2025-03-22,Trey Kaufman-Renn,Purdue,Player Rebounds,BetOnline,6.5,-107.0,-120.0
2025-03-22,Darrion Williams,Texas Tech,Player Assists,BetOnline,2.5,112.0,-144.0
2025-03-22,Darrion Williams,Texas Tech,Player Points,BetOnline,11.5,-113.0,-113.0
2025-03-22,Darrion Williams,Texas Tech,Player Rebounds,BetOnline,5.5,-105.0,-123.0
2025-03-22,Elijah Hawkins,Texas Tech,Player Assists,BetOnline,5.5,-108.0,-119.0
2025-03-22,Elijah Hawkins,Texas Tech,Player Points,BetOnline,8.5,-117.0,-109.0
2025-03-22,Elijah Hawkins,Texas Tech,Player Rebounds,BetOnline,4.5,-113.0,-113.0
2025-03-22,JT Toppin,Texas Tech,Player Assists,BetOnline,0.5,-232.0,175.0
2025-03-22,JT Toppin,Texas Tech,Player Points,BetOnline,16.5,-111.0,-116.0
2025-03-22,JT Toppin,Texas Tech,Player Rebounds,BetOnline,7.5,-121.0,-106.0
2025-03-22,Kerwin Walton,Texas Tech,Player Points,BetOnline,9.5,-116.0,-111.0
2025-03-22,Kerwin Walton,Texas Tech,Player Rebounds,BetOnline,1.5,-156.0,121.0
